user_id,profile_id,gender,occupation,interaction
700,1362,Female,Artist,4
411,1617,Female,Doctor,3
380,1272,Male,Doctor,3
86,1975,Female,Scientist,3
491,1789,Female,Manager,2
802,1593,Female,Doctor,1
722,1948,Male,Designer,2
400,1172,Male,Scientist,3
329,1005,Female,Teacher,1
363,1997,Female,Developer,5
56,1780,Male,Developer,4
240,1624,Female,Manager,4
679,1059,Female,Doctor,5
311,1187,Female,Artist,3
56,1655,Female,Manager,3
376,1360,Female,Teacher,2
917,1853,Female,Doctor,5
972,1757,Female,Designer,4
645,1278,Male,Teacher,3
224,1363,Female,Manager,4
715,1045,Male,Developer,3
205,1251,Male,Artist,3
609,1484,Male,Artist,4
314,1954,Female,Designer,5
75,1336,Male,Artist,4
186,1890,Female,Designer,5
225,1879,Male,Lawyer,1
386,1594,Male,Teacher,1
825,1615,Female,Engineer,4
536,1371,Female,Developer,3
129,1970,Female,Doctor,3
941,1482,Female,Artist,2
656,1580,Male,Artist,2
29,1783,Male,Developer,4
686,1371,Male,Teacher,3
81,1875,Female,Teacher,3
136,1411,Male,Teacher,2
392,1907,Female,Manager,4
774,1470,Male,Teacher,4
202,1191,Female,Teacher,5
454,1948,Male,Doctor,2
591,1187,Female,Scientist,2
385,1383,Male,Designer,2
925,1289,Female,Developer,4
188,1246,Female,Doctor,4
956,1312,Female,Scientist,5
554,1236,Female,Teacher,4
50,1155,Female,Lawyer,3
468,1417,Female,Doctor,2
594,1729,Female,Developer,2
478,1619,Male,Engineer,3
763,1563,Female,Doctor,3
870,1045,Female,Doctor,4
538,1811,Male,Lawyer,4
777,1101,Female,Lawyer,1
987,1194,Male,Designer,3
640,1954,Male,Engineer,4
161,1886,Female,Engineer,3
98,1549,Male,Artist,2
835,1856,Female,Engineer,4
696,1984,Male,Developer,4
200,1808,Female,Doctor,2
902,1942,Male,Scientist,5
213,1210,Female,Artist,2
8,1739,Male,Engineer,1
893,1305,Male,Manager,3
531,1092,Female,Teacher,3
812,1306,Male,Designer,2
522,1437,Female,Manager,5
4,1224,Female,Engineer,2
176,1576,Male,Artist,2
334,1987,Male,Teacher,4
592,1799,Male,Teacher,4
202,1576,Female,Artist,2
236,1953,Female,Designer,3
452,1752,Female,Doctor,1
960,1162,Female,Scientist,2
716,1424,Female,Artist,1
81,1773,Male,Artist,4
655,1198,Male,Developer,2
953,1676,Female,Doctor,4
884,1483,Female,Artist,5
39,1548,Female,Scientist,4
369,1218,Female,Designer,2
792,1123,Male,Developer,3
915,1769,Male,Designer,5
613,1080,Female,Doctor,3
129,1027,Female,Designer,4
580,1237,Female,Lawyer,3
393,1591,Male,Developer,5
729,1485,Male,Artist,1
194,1967,Male,Teacher,4
267,1136,Female,Teacher,1
39,1964,Male,Designer,3
727,1236,Female,Teacher,5
460,1037,Male,Doctor,5
328,1403,Female,Lawyer,3
112,1042,Female,Scientist,1
687,1131,Male,Lawyer,4
889,1038,Female,Scientist,5
517,1531,Male,Designer,2
338,1352,Male,Manager,2
477,1380,Female,Designer,2
774,1481,Female,Lawyer,4
394,1761,Female,Manager,1
613,1793,Male,Engineer,3
928,1335,Male,Artist,3
854,1200,Female,Teacher,2
940,1947,Male,Manager,1
45,1657,Female,Manager,3
151,1720,Female,Artist,4
179,1237,Female,Lawyer,4
780,1807,Male,Manager,2
330,1082,Male,Scientist,3
238,1957,Male,Teacher,4
482,1467,Male,Engineer,2
882,1510,Male,Engineer,5
670,1199,Female,Scientist,4
698,1493,Male,Engineer,4
851,1157,Female,Scientist,2
230,1055,Male,Lawyer,4
171,1065,Male,Doctor,2
206,1286,Female,Doctor,5
332,1911,Male,Engineer,1
513,1051,Male,Lawyer,4
528,1594,Male,Artist,3
194,1229,Male,Artist,1
194,1821,Female,Designer,3
194,1437,Male,Teacher,4
675,1250,Male,Engineer,5
736,1083,Male,Artist,2
700,1901,Female,Developer,1
659,1051,Male,Teacher,3
105,1517,Female,Engineer,1
195,1035,Male,Designer,1
812,1169,Male,Scientist,1
1000,1285,Male,Artist,3
211,1429,Male,Designer,4
797,1657,Female,Manager,5
128,1176,Male,Engineer,4
893,1224,Male,Manager,4
736,1787,Male,Scientist,2
950,1401,Male,Teacher,3
611,1492,Male,Manager,3
338,1376,Male,Teacher,2
582,1123,Male,Doctor,2
475,1072,Male,Lawyer,3
794,1590,Female,Designer,3
259,1005,Female,Doctor,1
553,1503,Female,Doctor,4
316,1062,Female,Engineer,5
349,1112,Female,Developer,1
113,1451,Female,Lawyer,2
71,1762,Male,Manager,3
544,1694,Female,Artist,2
2,1845,Male,Engineer,2
749,1291,Female,Artist,1
992,1016,Female,Lawyer,1
413,1395,Female,Lawyer,3
538,1535,Female,Scientist,3
721,1378,Female,Teacher,3
50,1211,Male,Doctor,1
35,1996,Male,Developer,5
363,1913,Male,Teacher,5
324,1443,Male,Manager,4
10,1276,Male,Engineer,1
266,1885,Female,Teacher,2
253,1912,Female,Teacher,5
25,1321,Female,Manager,2
806,1078,Female,Artist,1
757,1499,Female,Doctor,3
571,1402,Male,Doctor,3
568,1669,Male,Designer,4
186,1749,Male,Scientist,5
802,1444,Female,Scientist,3
566,1597,Female,Artist,2
253,1065,Male,Lawyer,5
330,1661,Female,Engineer,3
773,1455,Female,Artist,3
926,1267,Female,Scientist,2
107,1353,Female,Artist,3
196,1632,Male,Engineer,4
675,1609,Female,Engineer,1
602,1748,Male,Scientist,5
623,1439,Male,Doctor,3
516,1892,Female,Designer,4
520,1744,Female,Artist,1
940,1427,Male,Doctor,4
666,1728,Female,Teacher,4
875,1064,Female,Developer,4
103,1829,Male,Engineer,5
200,1982,Female,Lawyer,5
879,1836,Female,Lawyer,5
149,1154,Female,Engineer,2
196,1309,Female,Teacher,1
555,1115,Male,Scientist,1
951,1656,Male,Lawyer,1
530,1746,Male,Teacher,5
68,1107,Female,Designer,1
950,1757,Male,Artist,2
471,1221,Female,Doctor,5
39,1579,Male,Lawyer,5
734,1215,Male,Artist,2
852,1870,Female,Doctor,4
474,1968,Female,Doctor,4
360,1793,Male,Designer,3
505,1080,Male,Developer,1
854,1902,Male,Developer,1
921,1551,Female,Teacher,2
38,1254,Female,Manager,2
287,1899,Male,Engineer,3
410,1872,Male,Lawyer,3
762,1564,Female,Doctor,3
507,1172,Male,Artist,1
839,1371,Female,Manager,5
858,1861,Female,Designer,2
425,1438,Male,Lawyer,1
900,1569,Female,Teacher,1
299,1992,Male,Engineer,3
594,1706,Female,Engineer,3
411,1154,Female,Lawyer,5
894,1748,Female,Artist,2
73,1295,Male,Engineer,5
155,1947,Male,Engineer,5
9,1349,Male,Teacher,5
455,1806,Female,Artist,1
894,1237,Male,Manager,4
201,1260,Female,Engineer,3
432,1780,Female,Doctor,5
973,1390,Female,Lawyer,2
164,1594,Female,Teacher,2
872,1033,Female,Teacher,3
49,1977,Female,Artist,2
296,1718,Female,Artist,3
576,1253,Female,Doctor,1
906,1756,Male,Developer,5
985,1024,Female,Engineer,1
659,1487,Male,Teacher,5
745,1667,Male,Scientist,5
508,1771,Female,Scientist,1
895,1093,Male,Designer,4
694,1612,Female,Artist,1
553,1689,Male,Developer,3
371,1449,Female,Designer,5
695,1274,Female,Designer,2
94,1214,Male,Designer,1
708,1786,Female,Doctor,5
441,1969,Female,Lawyer,3
289,1309,Male,Artist,1
481,1746,Male,Designer,3
295,1254,Male,Teacher,3
697,1504,Male,Teacher,1
927,1845,Female,Manager,1
231,1699,Female,Designer,1
894,1241,Female,Doctor,3
63,1399,Female,Lawyer,5
670,1144,Female,Designer,4
331,1897,Female,Engineer,2
583,1162,Female,Lawyer,4
108,1676,Male,Artist,3
576,1868,Female,Teacher,3
239,1346,Female,Engineer,4
683,1051,Male,Teacher,2
670,1320,Female,Teacher,1
228,1993,Female,Teacher,3
667,1225,Female,Artist,4
244,1933,Male,Manager,3
349,1953,Female,Engineer,2
991,1828,Female,Teacher,3
353,1479,Female,Artist,4
667,1657,Female,Lawyer,5
667,1985,Male,Teacher,4
573,1365,Male,Engineer,5
359,1996,Male,Teacher,4
532,1943,Male,Scientist,1
409,1600,Male,Lawyer,5
397,1581,Female,Teacher,4
736,1269,Female,Manager,4
809,1978,Female,Manager,5
807,1180,Female,Developer,3
233,1128,Male,Designer,4
169,1285,Female,Doctor,4
882,1296,Male,Artist,3
924,1986,Female,Doctor,2
199,1741,Female,Teacher,4
406,1295,Female,Doctor,5
380,1193,Male,Scientist,2
330,1049,Male,Lawyer,3
1,1364,Male,Developer,4
517,1704,Male,Artist,3
33,1592,Male,Designer,2
148,1822,Female,Manager,1
144,1983,Female,Engineer,5
209,1051,Male,Lawyer,1
545,1365,Male,Artist,2
568,1920,Male,Doctor,2
582,1946,Female,Engineer,3
986,1474,Female,Engineer,4
166,1431,Female,Manager,2
210,1325,Female,Doctor,3
293,1994,Female,Scientist,1
121,1876,Female,Teacher,4
400,1288,Female,Artist,3
286,1762,Male,Designer,1
804,1359,Female,Lawyer,5
485,1423,Female,Scientist,3
431,1358,Female,Lawyer,2
516,1735,Male,Artist,5
257,1044,Male,Lawyer,4
596,1201,Female,Teacher,4
554,1244,Male,Lawyer,2
411,1173,Female,Manager,3
445,1429,Female,Doctor,1
936,1388,Female,Doctor,2
863,1151,Female,Developer,3
198,1307,Male,Scientist,4
697,1402,Male,Teacher,1
45,1113,Male,Manager,5
91,1296,Female,Artist,1
165,1776,Male,Scientist,5
840,1785,Female,Manager,3
795,1787,Female,Engineer,5
804,1329,Female,Scientist,3
978,1048,Female,Artist,2
594,1684,Female,Scientist,3
349,1922,Male,Scientist,2
992,1217,Male,Designer,2
794,1581,Male,Doctor,1
10,1152,Female,Designer,5
654,1442,Female,Artist,4
343,1900,Male,Manager,3
497,1775,Male,Developer,5
797,1861,Male,Doctor,4
235,1452,Male,Doctor,1
478,1643,Male,Engineer,4
683,1354,Female,Designer,4
632,1201,Male,Developer,1
881,1237,Male,Artist,5
399,1381,Male,Lawyer,5
186,1913,Female,Designer,3
878,1610,Female,Lawyer,5
795,1420,Female,Doctor,5
969,1234,Female,Doctor,4
814,1447,Female,Engineer,4
328,1375,Male,Doctor,2
722,1706,Female,Manager,5
177,1025,Male,Engineer,2
172,1033,Female,Doctor,3
250,1018,Female,Scientist,1
97,1979,Male,Artist,5
615,1963,Female,Lawyer,5
963,1292,Male,Teacher,3
507,1462,Female,Developer,2
464,1977,Male,Teacher,5
164,1061,Female,Engineer,1
480,1155,Male,Artist,5
823,1370,Male,Artist,2
561,1173,Female,Manager,2
587,1350,Female,Developer,4
399,1189,Female,Designer,4
152,1626,Male,Scientist,1
451,1327,Female,Designer,4
699,1060,Male,Manager,3
268,1887,Male,Lawyer,2
582,1843,Female,Teacher,2
758,1333,Male,Engineer,2
627,1522,Male,Designer,2
190,1136,Female,Engineer,2
967,1587,Female,Designer,2
404,1987,Female,Developer,4
967,1605,Female,Artist,1
791,1115,Male,Scientist,2
872,1750,Male,Engineer,4
546,1281,Female,Designer,1
795,1287,Female,Artist,2
962,1762,Male,Scientist,5
488,1495,Female,Manager,2
365,1297,Female,Scientist,4
470,1449,Male,Artist,5
501,1199,Female,Developer,5
901,1882,Female,Manager,2
440,1413,Male,Teacher,3
96,1569,Female,Doctor,2
936,1912,Male,Engineer,3
81,1767,Female,Designer,5
487,1526,Male,Designer,4
40,1014,Male,Scientist,5
758,1634,Male,Designer,5
449,1132,Male,Manager,1
296,1335,Male,Scientist,4
824,1329,Female,Artist,1
117,1009,Male,Artist,2
240,1449,Female,Developer,2
978,1627,Male,Developer,4
888,1192,Female,Teacher,3
584,1782,Male,Lawyer,5
83,1797,Male,Manager,3
783,1657,Female,Developer,1
347,1968,Male,Artist,3
18,1900,Male,Scientist,2
903,1314,Female,Developer,3
189,1445,Female,Developer,3
526,1409,Female,Scientist,4
563,1487,Male,Engineer,1
21,1346,Female,Lawyer,1
468,1504,Male,Engineer,3
591,1335,Female,Manager,1
292,1233,Female,Scientist,2
457,1275,Male,Engineer,3
75,1497,Female,Artist,1
162,1047,Male,Engineer,5
682,1212,Male,Engineer,1
597,1655,Male,Teacher,4
605,1481,Male,Doctor,1
341,1593,Male,Doctor,5
349,1798,Female,Developer,3
27,1332,Male,Designer,4
175,1661,Male,Lawyer,3
318,1664,Female,Designer,4
342,1247,Male,Engineer,5
497,1393,Female,Scientist,4
863,1541,Male,Manager,2
58,1541,Female,Scientist,3
25,1106,Male,Scientist,5
710,1510,Female,Designer,1
505,1201,Female,Developer,1
81,1889,Male,Manager,3
165,1242,Female,Designer,3
677,1026,Male,Scientist,4
742,1584,Male,Engineer,3
174,1783,Male,Teacher,1
58,1815,Male,Developer,1
893,1762,Male,Manager,5
695,1803,Male,Designer,4
387,1317,Male,Engineer,3
602,1313,Female,Scientist,3
221,1601,Female,Lawyer,5
583,1999,Female,Doctor,1
759,1790,Male,Designer,4
954,1137,Male,Designer,4
700,1561,Male,Artist,3
343,1092,Female,Developer,1
36,1470,Female,Designer,2
397,1989,Male,Manager,4
237,1259,Male,Teacher,5
879,1775,Male,Designer,2
11,1902,Male,Artist,3
222,1533,Male,Teacher,4
244,1751,Female,Scientist,3
847,1122,Female,Doctor,4
925,1610,Female,Teacher,1
873,1484,Female,Scientist,4
993,1490,Female,Artist,2
245,1764,Female,Artist,2
646,1616,Male,Developer,3
53,1111,Female,Doctor,4
937,1535,Male,Lawyer,2
749,1656,Male,Scientist,3
336,1818,Male,Teacher,1
334,1669,Female,Doctor,2
446,1878,Male,Scientist,2
32,1934,Male,Manager,5
769,1394,Male,Engineer,2
488,1077,Male,Designer,5
408,1592,Male,Lawyer,3
865,1544,Male,Scientist,5
785,1826,Male,Designer,5
99,1463,Female,Developer,2
167,1715,Female,Engineer,3
679,1596,Male,Doctor,5
737,1929,Male,Teacher,3
290,1953,Male,Artist,5
215,1901,Male,Scientist,4
153,1639,Female,Scientist,3
610,1096,Male,Doctor,5
574,1810,Female,Engineer,4
53,1892,Female,Doctor,5
937,1733,Female,Scientist,2
242,1250,Female,Engineer,3
578,1727,Female,Teacher,2
911,1220,Male,Artist,3
978,1683,Female,Manager,1
374,1600,Female,Artist,1
93,1649,Male,Artist,4
175,1715,Male,Designer,4
201,1176,Male,Designer,3
50,1645,Female,Engineer,2
409,1531,Male,Manager,2
788,1871,Male,Artist,5
265,1246,Female,Developer,2
226,1439,Female,Designer,3
607,1831,Female,Developer,2
252,1266,Male,Scientist,1
5,1551,Female,Scientist,4
299,1694,Male,Developer,3
134,1207,Male,Manager,5
215,1211,Male,Doctor,3
884,1849,Female,Manager,3
924,1050,Female,Artist,3
485,1712,Female,Lawyer,2
430,1362,Female,Scientist,5
85,1634,Female,Scientist,5
952,1165,Female,Doctor,1
392,1536,Female,Manager,5
315,1047,Male,Doctor,3
391,1958,Female,Designer,4
163,1758,Male,Lawyer,1
300,1149,Female,Lawyer,2
903,1627,Male,Artist,3
226,1761,Male,Developer,4
114,1152,Male,Doctor,4
96,1118,Male,Engineer,4
108,1151,Male,Teacher,3
918,1854,Male,Manager,1
536,1340,Male,Designer,4
796,1614,Female,Doctor,3
731,1636,Male,Artist,5
269,1022,Male,Teacher,4
537,1546,Male,Teacher,2
364,1423,Female,Doctor,4
938,1218,Male,Developer,5
641,1728,Male,Scientist,1
270,1739,Male,Developer,1
139,1318,Male,Manager,4
666,1954,Male,Engineer,5
806,1663,Male,Designer,1
622,1716,Male,Scientist,1
776,1429,Female,Teacher,5
937,1526,Female,Engineer,5
495,1251,Male,Lawyer,5
763,1513,Male,Doctor,5
826,1775,Male,Doctor,2
377,1942,Male,Developer,1
584,1545,Female,Engineer,3
362,1835,Female,Designer,1
117,1474,Female,Manager,5
106,1370,Female,Developer,1
442,1885,Female,Engineer,4
719,1964,Female,Manager,3
599,1570,Female,Scientist,4
473,1713,Male,Teacher,4
904,1910,Female,Artist,1
190,1691,Female,Doctor,3
575,1078,Female,Artist,1
715,1177,Female,Engineer,4
372,1674,Male,Lawyer,5
888,1771,Male,Scientist,2
373,1903,Female,Teacher,4
357,1764,Female,Engineer,1
944,1694,Female,Manager,3
872,1492,Female,Doctor,5
452,1133,Male,Doctor,2
466,1282,Male,Artist,4
878,1554,Male,Lawyer,5
479,1863,Female,Teacher,4
810,1705,Female,Manager,4
137,1380,Female,Engineer,1
848,1498,Female,Designer,1
580,1939,Male,Developer,5
49,1843,Female,Designer,1
619,1560,Female,Designer,4
788,1187,Male,Doctor,1
140,1581,Male,Doctor,1
537,1372,Male,Designer,3
407,1915,Female,Designer,4
747,1804,Male,Engineer,3
528,1359,Male,Doctor,3
403,1860,Male,Artist,2
138,1434,Male,Lawyer,2
489,1989,Male,Artist,5
937,1922,Female,Lawyer,4
410,1992,Female,Designer,3
580,1433,Female,Scientist,1
729,1360,Female,Scientist,2
233,1095,Female,Designer,1
888,1375,Male,Artist,4
278,1126,Male,Artist,4
846,1761,Male,Artist,3
79,1895,Female,Teacher,3
555,1610,Female,Lawyer,1
738,1006,Female,Manager,2
242,1423,Female,Artist,5
42,1548,Male,Developer,4
848,1523,Female,Lawyer,5
192,1168,Female,Doctor,4
353,1744,Female,Lawyer,1
756,1208,Female,Designer,2
331,1650,Male,Teacher,4
287,1769,Male,Lawyer,4
12,1759,Female,Manager,1
139,1317,Male,Engineer,3
732,1897,Female,Designer,1
497,1859,Female,Engineer,1
185,1163,Female,Lawyer,1
453,1446,Male,Scientist,2
136,1188,Male,Manager,3
330,1178,Female,Teacher,4
356,1587,Male,Artist,2
56,1956,Female,Doctor,1
984,1178,Female,Teacher,5
274,1953,Male,Developer,2
748,1243,Male,Developer,2
815,1247,Male,Developer,1
275,1606,Female,Artist,5
942,1875,Male,Developer,3
315,1031,Female,Designer,2
605,1121,Female,Designer,5
156,1827,Male,Lawyer,2
643,1877,Male,Scientist,3
768,1835,Female,Designer,3
291,1114,Male,Doctor,3
97,1091,Male,Doctor,5
877,1007,Male,Scientist,2
57,1795,Female,Manager,4
636,1273,Female,Doctor,5
239,1238,Female,Doctor,3
345,1137,Male,Designer,2
199,1157,Male,Manager,5
251,1360,Female,Engineer,1
276,1216,Male,Teacher,2
28,1650,Male,Teacher,5
394,1964,Female,Teacher,3
854,1485,Male,Engineer,3
80,1365,Female,Doctor,5
419,1853,Female,Scientist,4
808,1962,Male,Engineer,4
585,1947,Female,Developer,1
259,1444,Female,Developer,3
386,1214,Female,Artist,1
148,1135,Male,Artist,2
169,1577,Male,Lawyer,4
211,1257,Male,Developer,2
219,1113,Female,Lawyer,4
936,1017,Male,Scientist,2
31,1525,Female,Designer,2
494,1824,Female,Designer,3
684,1188,Female,Developer,4
377,1096,Male,Doctor,5
109,1181,Female,Developer,2
352,1858,Male,Doctor,4
665,1641,Female,Manager,4
391,1539,Male,Lawyer,4
971,1684,Female,Lawyer,4
318,1122,Male,Artist,4
543,1203,Male,Lawyer,5
91,1140,Female,Engineer,3
325,1604,Female,Scientist,5
191,1789,Male,Developer,4
724,1500,Male,Artist,3
81,1436,Male,Engineer,2
800,1297,Male,Artist,3
717,1389,Female,Manager,5
975,1860,Male,Designer,3
219,1770,Male,Manager,4
391,1278,Male,Scientist,1
615,1825,Female,Artist,4
546,1862,Male,Artist,2
414,1585,Female,Lawyer,2
795,1795,Female,Developer,3
402,1059,Female,Artist,4
112,1390,Female,Lawyer,3
922,1732,Female,Doctor,1
968,1551,Female,Designer,4
226,1089,Male,Manager,1
403,1427,Female,Lawyer,2
463,1920,Male,Developer,1
633,1696,Female,Manager,4
800,1894,Female,Scientist,5
974,1594,Female,Artist,5
80,1912,Male,Engineer,5
347,1072,Female,Manager,2
808,1769,Male,Designer,2
354,1342,Male,Teacher,1
709,1179,Male,Lawyer,3
210,1301,Male,Designer,3
684,1186,Female,Developer,1
848,1599,Male,Doctor,3
890,1944,Male,Developer,5
597,1654,Male,Designer,2
9,1857,Female,Manager,3
10,1829,Female,Manager,5
905,1327,Male,Developer,2
92,1506,Male,Engineer,5
981,1079,Female,Doctor,5
308,1404,Male,Doctor,3
428,1358,Female,Manager,4
634,1555,Male,Lawyer,3
543,1264,Female,Artist,4
605,1389,Female,Engineer,4
706,1042,Male,Doctor,3
502,1615,Male,Developer,4
244,1776,Female,Doctor,5
60,1690,Male,Developer,2
323,1026,Female,Artist,3
887,1936,Male,Doctor,5
826,1800,Male,Scientist,2
299,1216,Female,Engineer,5
707,1018,Female,Artist,5
743,1622,Male,Artist,2
265,1757,Female,Developer,2
233,1825,Female,Engineer,2
571,1969,Female,Lawyer,3
584,1017,Female,Lawyer,2
934,1642,Female,Lawyer,5
557,1112,Male,Developer,1
513,1712,Female,Artist,5
111,1789,Male,Scientist,1
229,1580,Male,Developer,3
246,1922,Male,Teacher,5
22,1404,Male,Artist,2
502,1614,Female,Manager,5
192,1581,Female,Artist,5
414,1814,Female,Artist,2
16,1381,Male,Artist,3
29,1447,Male,Engineer,3
421,1010,Female,Doctor,5
236,1190,Male,Engineer,2
486,1742,Male,Scientist,1
345,1319,Male,Developer,1
142,1357,Male,Developer,2
505,1658,Male,Developer,1
475,1304,Male,Engineer,5
654,1578,Male,Engineer,5
40,1087,Male,Scientist,1
992,1786,Female,Designer,1
247,1288,Female,Developer,1
822,1062,Male,Artist,5
918,1020,Female,Teacher,3
811,1913,Male,Engineer,3
428,1939,Female,Manager,2
534,1332,Male,Scientist,3
434,1567,Female,Lawyer,4
537,1330,Female,Manager,4
575,1151,Male,Lawyer,5
913,1559,Male,Developer,5
217,1366,Male,Engineer,3
964,1277,Male,Teacher,5
548,1636,Female,Artist,3
938,1841,Male,Engineer,2
78,1911,Male,Artist,2
997,1874,Female,Engineer,4
288,1617,Female,Scientist,1
586,1467,Male,Manager,2
148,1416,Female,Lawyer,3
290,1898,Male,Developer,2
943,1622,Male,Lawyer,1
690,1951,Female,Doctor,2
458,1898,Female,Designer,4
760,1661,Female,Scientist,2
226,1973,Male,Manager,3
982,1640,Female,Manager,1
844,1313,Male,Designer,2
47,1114,Female,Developer,1
436,1817,Female,Developer,4
113,1641,Female,Teacher,4
522,1125,Male,Engineer,5
282,1405,Female,Doctor,1
965,1453,Male,Artist,1
976,1579,Male,Artist,5
627,1592,Male,Lawyer,4
390,1731,Female,Engineer,5
533,1944,Female,Engineer,4
346,1621,Female,Artist,4
275,1158,Male,Designer,2
320,1445,Male,Doctor,5
700,1198,Female,Engineer,3
497,1845,Female,Artist,5
660,1525,Male,Engineer,3
388,1512,Female,Engineer,3
674,1555,Female,Doctor,5
940,1861,Female,Teacher,4
767,1132,Male,Scientist,2
578,1319,Female,Teacher,1
358,1167,Female,Designer,2
986,1149,Male,Designer,2
568,1029,Female,Artist,3
152,1210,Male,Designer,1
577,1109,Female,Scientist,3
860,1880,Male,Engineer,5
937,1009,Male,Doctor,4
234,1089,Male,Teacher,2
234,1016,Female,Developer,5
523,1080,Male,Engineer,4
478,1966,Male,Developer,3
466,1962,Female,Doctor,4
215,1942,Female,Engineer,4
941,1952,Female,Teacher,1
637,1997,Female,Scientist,4
41,1726,Male,Doctor,1
131,1930,Female,Lawyer,2
517,1860,Male,Manager,3
379,1903,Female,Lawyer,2
222,1738,Female,Scientist,5
270,1570,Female,Manager,5
225,1949,Female,Designer,5
681,1416,Male,Scientist,2
261,1376,Female,Engineer,1
275,1591,Male,Artist,4
973,1135,Female,Lawyer,4
448,1912,Male,Manager,5
382,1511,Female,Developer,5
579,1316,Female,Scientist,2
986,1704,Male,Engineer,2
311,1510,Male,Doctor,3
503,1176,Male,Doctor,2
9,1419,Male,Lawyer,4
518,1624,Male,Scientist,5
479,1867,Male,Designer,5
931,1008,Male,Lawyer,5
67,1237,Female,Developer,4
122,1304,Female,Lawyer,4
768,1822,Female,Manager,4
375,1281,Female,Lawyer,1
152,1171,Male,Teacher,2
813,1825,Male,Designer,3
724,1168,Female,Designer,4
238,1043,Female,Engineer,3
230,1826,Female,Engineer,3
331,1849,Female,Teacher,2
424,1406,Female,Manager,3
231,1266,Female,Manager,4
326,1500,Male,Doctor,5
190,1837,Female,Teacher,5
885,1542,Female,Designer,2
167,1115,Male,Engineer,5
971,1043,Female,Artist,5
895,1045,Male,Scientist,5
54,1722,Female,Artist,3
484,1097,Female,Developer,4
679,1167,Female,Doctor,2
628,1419,Male,Doctor,1
25,1934,Male,Manager,5
260,1807,Male,Designer,1
896,1149,Male,Designer,3
958,1400,Female,Scientist,4
852,1368,Male,Engineer,1
914,1271,Female,Manager,1
146,1813,Female,Engineer,2
823,1706,Male,Lawyer,1
833,1406,Female,Doctor,4
292,1052,Female,Lawyer,3
228,1360,Female,Designer,2
430,1393,Male,Manager,5
734,1052,Male,Teacher,3
294,1583,Male,Doctor,2
1000,1545,Female,Developer,4
297,1224,Female,Developer,3
293,1693,Male,Scientist,2
120,1049,Female,Engineer,3
761,1076,Male,Lawyer,1
846,1988,Female,Artist,1
263,1358,Male,Scientist,2
300,1058,Male,Designer,3
924,1585,Male,Lawyer,4
428,1868,Male,Lawyer,4
187,1727,Male,Manager,2
517,1513,Male,Manager,1
255,1059,Male,Scientist,5
78,1165,Female,Manager,4
954,1450,Female,Manager,2
673,1431,Female,Engineer,1
106,1480,Male,Engineer,1
993,1922,Male,Engineer,5
292,1922,Male,Manager,3
735,1330,Female,Scientist,3
244,1960,Female,Teacher,3
595,1083,Female,Engineer,3
39,1020,Male,Manager,5
185,1478,Male,Engineer,3
16,1050,Female,Developer,5
896,1153,Male,Lawyer,1
129,1946,Female,Developer,4
123,1277,Female,Scientist,1
798,1723,Female,Teacher,1
909,1395,Female,Teacher,5
260,1278,Female,Doctor,1
431,1416,Male,Scientist,1
386,1906,Female,Doctor,5
374,1684,Female,Teacher,3
884,1389,Female,Artist,4
302,1359,Female,Scientist,1
612,1116,Male,Scientist,2
517,1627,Male,Doctor,4
481,1290,Female,Manager,2
205,1430,Male,Developer,2
972,1823,Female,Designer,1
335,1360,Female,Artist,4
985,1961,Male,Engineer,3
864,1064,Male,Designer,5
108,1132,Male,Lawyer,5
378,1475,Female,Manager,2
701,1477,Female,Lawyer,3
646,1393,Female,Engineer,4
379,1688,Male,Developer,1
610,1329,Male,Teacher,5
872,1602,Female,Doctor,5
157,1075,Female,Scientist,2
992,1005,Male,Teacher,1
735,1868,Male,Artist,2
361,1424,Male,Scientist,3
111,1241,Male,Lawyer,1
382,1356,Female,Manager,3
608,1064,Female,Scientist,2
860,1743,Male,Manager,4
834,1724,Male,Teacher,5
702,1366,Male,Artist,5
476,1827,Female,Designer,5
28,1326,Female,Doctor,3
452,1188,Male,Scientist,2
360,1793,Male,Developer,1
745,1711,Male,Designer,5
332,1814,Female,Manager,5
618,1391,Male,Scientist,4
256,1433,Female,Teacher,3
294,1834,Female,Designer,5
257,1501,Male,Doctor,3
38,1105,Female,Lawyer,5
890,1215,Male,Engineer,5
4,1795,Female,Developer,1
451,1516,Male,Manager,1
179,1555,Male,Lawyer,3
918,1064,Female,Manager,5
308,1506,Female,Doctor,3
146,1801,Female,Designer,4
407,1399,Male,Manager,4
59,1282,Male,Doctor,2
569,1027,Female,Scientist,2
632,1104,Female,Teacher,1
383,1110,Female,Manager,3
364,1803,Male,Designer,5
864,1386,Male,Artist,1
769,1621,Female,Scientist,4
42,1760,Male,Scientist,3
109,1604,Male,Teacher,1
898,1377,Female,Developer,2
303,1413,Female,Manager,5
812,1068,Male,Lawyer,4
614,1198,Male,Scientist,4
717,1916,Male,Teacher,2
916,1843,Male,Engineer,1
360,1901,Male,Scientist,3
139,1177,Male,Artist,5
26,1567,Male,Teacher,3
756,1420,Female,Designer,3
703,1383,Male,Designer,3
745,1538,Male,Lawyer,2
775,1926,Male,Doctor,2
665,1167,Male,Teacher,1
718,1189,Male,Manager,3
306,1434,Male,Artist,3
244,1980,Female,Developer,3
869,1622,Female,Engineer,3
589,1810,Female,Developer,4
422,1891,Female,Teacher,1
550,1530,Female,Artist,5
933,1831,Male,Artist,2
918,1679,Female,Teacher,4
841,1374,Female,Developer,5
27,1811,Female,Lawyer,1
57,1383,Male,Manager,5
689,1636,Female,Engineer,3
985,1546,Female,Lawyer,2
364,1065,Male,Doctor,5
560,1357,Male,Artist,4
512,1112,Female,Lawyer,1
756,1317,Female,Artist,2
911,1772,Male,Teacher,3
816,1619,Female,Engineer,2
447,1560,Female,Doctor,1
355,1979,Female,Artist,4
296,1570,Male,Doctor,4
773,1982,Female,Teacher,3
148,1634,Male,Developer,2
467,1612,Male,Engineer,1
916,1691,Male,Developer,3
11,1354,Female,Scientist,5
165,1065,Male,Scientist,5
754,1183,Male,Scientist,4
506,1107,Female,Doctor,5
798,1331,Female,Teacher,4
655,1889,Male,Manager,3
178,1019,Male,Lawyer,1
372,1832,Female,Engineer,3
812,1051,Female,Designer,5
933,1803,Female,Lawyer,2
248,1810,Female,Scientist,2
830,1720,Male,Designer,4
142,1823,Male,Lawyer,5
33,1749,Female,Designer,3
815,1503,Male,Scientist,5
511,1732,Male,Designer,2
303,1902,Male,Teacher,2
807,1853,Male,Engineer,4
879,1641,Female,Doctor,2
32,1479,Male,Engineer,5
665,1953,Female,Manager,5
236,1215,Female,Developer,4
295,1781,Female,Scientist,2
685,1223,Female,Artist,3
584,1382,Female,Doctor,4
367,1532,Female,Artist,2
499,1684,Male,Manager,1
601,1386,Female,Designer,1
770,1039,Male,Developer,3
266,1397,Male,Developer,3
410,1805,Female,Teacher,5
395,1011,Male,Teacher,2
244,1985,Male,Scientist,5
431,1813,Female,Manager,5
39,1309,Female,Teacher,1
330,1675,Female,Developer,1
452,1230,Female,Lawyer,5
410,1799,Female,Doctor,5
255,1460,Male,Developer,5
7,1544,Male,Designer,2
223,1837,Male,Manager,4
674,1772,Female,Engineer,3
787,1810,Female,Artist,3
481,1572,Female,Developer,4
171,1506,Female,Lawyer,5
703,1553,Male,Doctor,3
96,1795,Female,Doctor,1
744,1695,Male,Manager,2
165,1684,Male,Doctor,2
223,1239,Female,Scientist,4
35,1775,Female,Manager,3
531,1467,Male,Teacher,4
359,1014,Male,Doctor,1
655,1305,Male,Scientist,5
501,1607,Male,Designer,4
809,1325,Male,Artist,4
405,1651,Male,Teacher,2
723,1703,Male,Scientist,1
598,1297,Female,Artist,2
878,1539,Male,Developer,5
828,1668,Female,Lawyer,2
834,1430,Female,Designer,2
775,1099,Male,Developer,3
286,1374,Male,Developer,5
938,1414,Male,Teacher,5
297,1746,Male,Doctor,2
733,1417,Male,Developer,2
117,1027,Male,Scientist,5
689,1544,Female,Artist,2
794,1560,Female,Designer,4
804,1153,Male,Lawyer,1
312,1253,Male,Teacher,3
688,1448,Male,Artist,3
750,1353,Male,Developer,1
603,1629,Female,Artist,2
928,1743,Female,Engineer,3
197,1385,Female,Teacher,5
905,1810,Female,Doctor,2
7,1680,Female,Artist,2
327,1249,Male,Manager,3
634,1015,Male,Teacher,3
445,1134,Male,Doctor,4
80,1486,Female,Engineer,3
979,1290,Female,Manager,5
981,1116,Female,Doctor,4
155,1542,Male,Teacher,4
844,1325,Female,Artist,5
579,1370,Male,Manager,1
642,1553,Female,Artist,2
178,1677,Male,Developer,5
548,1254,Female,Doctor,1
978,1434,Female,Scientist,2
465,1050,Female,Engineer,2
807,1009,Male,Engineer,4
603,1650,Female,Engineer,5
557,1735,Male,Developer,1
301,1730,Male,Teacher,3
925,1224,Male,Engineer,5
465,1920,Female,Teacher,3
296,1223,Female,Teacher,3
64,1270,Female,Designer,3
29,1703,Female,Teacher,1
573,1387,Male,Teacher,3
658,1745,Female,Manager,2
962,1047,Female,Designer,5
361,1618,Male,Doctor,1
362,1173,Male,Artist,4
497,1136,Male,Manager,2
332,1743,Female,Designer,1
493,1849,Male,Artist,1
766,1677,Male,Lawyer,2
947,1901,Male,Artist,4
450,1319,Female,Doctor,1
691,1721,Female,Artist,4
281,1924,Female,Manager,5
569,1278,Female,Lawyer,2
441,1201,Male,Doctor,2
880,1416,Female,Manager,5
180,1459,Female,Designer,1
659,1247,Male,Artist,2
709,1744,Male,Teacher,3
750,1541,Female,Engineer,1
180,1930,Female,Developer,5
502,1894,Male,Doctor,3
505,1389,Female,Lawyer,5
908,1491,Male,Scientist,3
649,1374,Male,Doctor,3
4,1375,Female,Developer,1
373,1987,Male,Teacher,5
2,1867,Male,Doctor,5
398,1724,Male,Developer,3
122,1853,Male,Lawyer,3
774,1706,Female,Teacher,1
963,1108,Male,Doctor,5
432,1884,Female,Engineer,5
912,1984,Female,Doctor,3
414,1871,Female,Doctor,1
70,1014,Female,Doctor,2
714,1375,Male,Doctor,2
925,1344,Male,Artist,1
127,1452,Female,Lawyer,4
419,1556,Female,Teacher,2
267,1987,Male,Scientist,5
198,1911,Female,Lawyer,2
820,1087,Female,Designer,1
647,1222,Male,Designer,2
715,1600,Male,Engineer,1
584,1732,Male,Developer,3
559,1267,Female,Teacher,5
665,1021,Female,Scientist,5
368,1353,Male,Manager,3
50,1575,Male,Doctor,4
40,1249,Male,Scientist,3
120,1592,Female,Lawyer,5
656,1151,Male,Scientist,4
563,1513,Female,Manager,5
860,1747,Female,Teacher,4
679,1895,Female,Scientist,3
798,1989,Male,Designer,1
308,1642,Female,Manager,1
774,1458,Female,Scientist,3
486,1285,Female,Artist,1
576,1408,Female,Teacher,2
325,1640,Female,Doctor,4
962,1738,Male,Engineer,2
171,1428,Female,Doctor,2
853,1824,Female,Lawyer,1
212,1102,Male,Lawyer,1
107,1609,Male,Developer,5
702,1047,Male,Teacher,5
618,1046,Female,Scientist,5
119,1559,Male,Lawyer,5
507,1995,Male,Manager,1
323,1026,Female,Developer,3
47,1639,Male,Artist,4
83,1419,Female,Doctor,3
554,1390,Male,Designer,1
56,1999,Female,Artist,1
393,1965,Female,Developer,3
208,1915,Female,Manager,3
536,1552,Female,Artist,1
219,1339,Female,Artist,1
698,1569,Female,Doctor,4
761,1568,Female,Artist,5
832,1758,Female,Scientist,5
968,1084,Female,Doctor,2
894,1630,Male,Manager,1
411,1713,Female,Designer,5
495,1052,Male,Teacher,2
973,1126,Male,Scientist,4
33,1837,Male,Developer,4
116,1386,Female,Engineer,4
491,1122,Male,Teacher,1
333,1391,Male,Engineer,3
411,1992,Female,Manager,1
132,1377,Female,Artist,3
320,1518,Female,Scientist,4
394,1928,Male,Doctor,4
676,1208,Female,Engineer,4
280,1721,Female,Artist,2
509,1480,Male,Teacher,1
213,1344,Male,Lawyer,4
4,1354,Male,Developer,2
997,1507,Male,Scientist,3
561,1704,Male,Scientist,5
906,1517,Female,Doctor,2
585,1818,Female,Doctor,3
780,1516,Male,Developer,3
957,1352,Female,Developer,5
343,1755,Male,Manager,3
583,1216,Male,Teacher,4
470,1497,Male,Developer,2
134,1909,Male,Scientist,3
220,1218,Female,Lawyer,4
989,1265,Female,Developer,2
925,1008,Female,Teacher,2
340,1265,Male,Artist,5
235,1006,Female,Engineer,5
135,1076,Male,Teacher,1
572,1480,Female,Designer,3
721,1493,Female,Scientist,1
311,1964,Female,Teacher,1
223,1570,Female,Developer,1
691,1384,Male,Doctor,3
807,1458,Female,Scientist,2
568,1080,Female,Lawyer,4
610,1354,Male,Manager,4
633,1129,Male,Engineer,3
131,1701,Female,Doctor,1
336,1779,Female,Engineer,3
968,1630,Female,Artist,1
913,1033,Male,Manager,3
60,1793,Female,Artist,2
250,1394,Female,Engineer,3
305,1578,Female,Teacher,2
707,1852,Male,Scientist,5
223,1063,Male,Artist,4
671,1430,Female,Artist,5
99,1274,Female,Teacher,4
492,1525,Female,Developer,5
189,1714,Female,Teacher,4
533,1363,Male,Artist,2
878,1573,Female,Designer,2
450,1629,Female,Developer,2
190,1024,Male,Developer,5
916,1737,Male,Designer,3
823,1044,Female,Engineer,1
348,1240,Female,Engineer,3
810,1996,Female,Lawyer,5
290,1544,Female,Scientist,5
820,1729,Female,Manager,3
433,1873,Male,Manager,1
489,1413,Female,Artist,2
507,1277,Female,Doctor,2
738,1117,Male,Teacher,2
873,1968,Female,Artist,2
732,1641,Female,Manager,2
542,1450,Male,Artist,3
727,1594,Male,Manager,5
767,1106,Male,Manager,4
558,1734,Female,Artist,5
986,1596,Female,Developer,3
988,1471,Female,Lawyer,1
956,1594,Female,Scientist,1
866,1242,Female,Artist,4
739,1531,Female,Scientist,5
465,1235,Female,Developer,3
139,1031,Female,Designer,5
236,1420,Male,Developer,5
525,1558,Male,Lawyer,4
416,1577,Female,Doctor,2
46,1756,Female,Developer,3
888,1145,Male,Scientist,3
620,1996,Male,Engineer,5
962,1747,Male,Lawyer,3
175,1403,Female,Doctor,4
536,1682,Male,Doctor,4
193,1035,Male,Teacher,2
296,1021,Male,Manager,5
655,1135,Female,Artist,2
860,1413,Male,Scientist,4
87,1946,Female,Designer,3
870,1123,Male,Scientist,3
215,1652,Female,Developer,1
544,1506,Male,Scientist,4
605,1574,Female,Doctor,3
194,1783,Female,Artist,2
58,1369,Male,Lawyer,4
232,1434,Male,Lawyer,5
798,1032,Male,Scientist,3
649,1068,Female,Lawyer,1
692,1617,Female,Engineer,1
356,1311,Male,Artist,2
841,1477,Male,Artist,1
439,1301,Male,Designer,5
635,1427,Female,Lawyer,2
854,1152,Male,Developer,4
555,1954,Female,Lawyer,2
24,1148,Female,Designer,4
966,1432,Male,Doctor,2
703,1661,Male,Manager,1
495,1994,Male,Developer,5
340,1682,Male,Doctor,3
978,1271,Male,Manager,3
406,1183,Male,Doctor,3
273,1667,Female,Designer,5
595,1869,Female,Doctor,2
43,1340,Female,Scientist,3
811,1016,Female,Artist,4
771,1855,Female,Lawyer,3
547,1729,Male,Engineer,1
961,1435,Female,Lawyer,5
784,1543,Female,Teacher,5
97,1040,Male,Teacher,2
233,1570,Female,Developer,5
961,1441,Female,Lawyer,4
397,1274,Female,Artist,5
227,1661,Female,Doctor,5
877,1863,Male,Scientist,2
309,1939,Female,Artist,2
217,1924,Female,Scientist,3
883,1462,Female,Lawyer,5
295,1997,Male,Manager,4
943,1607,Female,Engineer,5
509,1201,Male,Doctor,3
817,1472,Female,Manager,3
930,1683,Male,Developer,3
99,1789,Male,Lawyer,3
341,1742,Male,Artist,3
600,1942,Male,Manager,5
724,1863,Male,Doctor,2
881,1016,Male,Designer,5
746,1742,Female,Artist,5
511,1857,Female,Designer,5
384,1291,Male,Doctor,4
875,1739,Female,Artist,4
147,1860,Female,Doctor,4
211,1582,Female,Doctor,5
608,1696,Male,Manager,5
787,1889,Male,Teacher,5
144,1218,Female,Lawyer,3
742,1614,Male,Lawyer,5
920,1510,Male,Teacher,5
104,1165,Male,Scientist,2
360,1767,Male,Scientist,5
577,1626,Male,Artist,2
926,1166,Male,Designer,4
238,1874,Male,Manager,4
296,1537,Female,Teacher,5
859,1735,Female,Doctor,4
721,1593,Female,Artist,2
789,1913,Female,Lawyer,5
274,1316,Male,Artist,4
607,1516,Female,Designer,5
347,1596,Female,Scientist,3
441,1874,Female,Artist,2
997,1829,Male,Manager,5
893,1948,Female,Doctor,5
341,1143,Male,Doctor,4
662,1911,Female,Engineer,3
36,1012,Female,Manager,2
714,1215,Female,Teacher,5
106,1989,Female,Artist,4
354,1901,Female,Artist,2
905,1354,Male,Lawyer,3
473,1646,Male,Designer,3
776,1386,Male,Artist,4
752,1173,Female,Teacher,2
135,1049,Male,Teacher,4
52,1247,Male,Designer,4
695,1683,Male,Lawyer,1
473,1663,Male,Doctor,4
405,1009,Male,Lawyer,3
560,1135,Male,Scientist,1
498,1402,Male,Manager,5
754,1675,Male,Designer,3
914,1974,Female,Engineer,5
358,1839,Female,Doctor,1
315,1763,Female,Engineer,2
464,1481,Male,Doctor,2
649,1814,Male,Artist,3
110,1137,Male,Manager,1
641,1289,Male,Lawyer,3
877,1817,Female,Lawyer,3
174,1214,Female,Engineer,5
366,1492,Female,Scientist,5
396,1632,Male,Artist,3
147,1131,Male,Designer,1
573,1080,Male,Designer,5
853,1861,Female,Engineer,1
52,1420,Male,Designer,2
585,1657,Female,Scientist,5
776,1946,Male,Teacher,2
28,1717,Male,Teacher,5
98,1401,Male,Doctor,4
674,1795,Male,Teacher,2
626,1537,Female,Artist,4
940,1118,Male,Teacher,2
791,1165,Female,Developer,5
433,1886,Female,Artist,5
616,1178,Male,Designer,5
658,1340,Female,Doctor,1
865,1279,Female,Developer,5
403,1158,Female,Doctor,5
626,1406,Male,Scientist,5
205,1289,Female,Artist,3
751,1245,Male,Engineer,2
744,1686,Female,Artist,2
313,1994,Female,Teacher,5
387,1575,Female,Developer,1
522,1552,Female,Manager,2
669,1819,Male,Designer,5
625,1730,Female,Scientist,5
786,1807,Female,Lawyer,4
189,1586,Male,Doctor,5
14,1125,Female,Developer,5
682,1194,Male,Doctor,3
58,1418,Female,Designer,3
492,1077,Male,Doctor,3
52,1044,Female,Engineer,3
412,1471,Male,Doctor,5
618,1666,Male,Teacher,5
768,1664,Male,Artist,1
86,1250,Female,Designer,2
943,1899,Male,Scientist,1
680,1421,Male,Artist,5
159,1951,Female,Engineer,4
432,1035,Male,Developer,2
145,1275,Female,Lawyer,1
283,1583,Female,Lawyer,5
395,1614,Male,Engineer,5
764,1942,Female,Doctor,5
304,1496,Female,Teacher,5
823,1226,Male,Artist,5
419,1296,Female,Manager,3
871,1528,Male,Scientist,5
94,1452,Female,Scientist,5
295,1007,Female,Manager,1
954,1788,Male,Developer,4
523,1672,Male,Artist,2
800,1961,Male,Engineer,4
73,1621,Male,Doctor,4
821,1646,Male,Artist,5
822,1280,Female,Teacher,1
5,1016,Male,Manager,2
319,1532,Male,Developer,4
910,1366,Female,Artist,5
200,1601,Female,Teacher,4
107,1649,Female,Designer,2
727,1274,Female,Manager,4
386,1165,Female,Designer,1
517,1601,Female,Developer,1
186,1953,Male,Designer,2
292,1948,Female,Engineer,3
172,1339,Female,Artist,2
419,1978,Female,Teacher,2
779,1187,Male,Doctor,3
736,1296,Male,Manager,1
432,1130,Female,Lawyer,5
830,1278,Female,Doctor,2
507,1784,Male,Scientist,5
846,1052,Female,Developer,2
787,1617,Female,Developer,2
380,1312,Male,Scientist,3
915,1972,Female,Designer,1
844,1899,Male,Engineer,5
690,1320,Male,Artist,3
346,1005,Male,Manager,1
408,1444,Male,Designer,5
517,1466,Female,Teacher,5
963,1166,Female,Manager,4
321,1855,Male,Lawyer,3
515,1041,Male,Engineer,3
228,1298,Male,Manager,2
845,1432,Male,Scientist,3
512,1261,Male,Artist,1
141,1313,Female,Manager,3
434,1508,Female,Designer,4
191,1893,Female,Developer,4
455,1915,Female,Designer,1
641,1206,Female,Lawyer,2
326,1719,Female,Designer,1
457,1167,Female,Designer,2
471,1731,Male,Scientist,1
710,1522,Female,Manager,5
742,1608,Female,Engineer,5
58,1783,Male,Scientist,5
103,1664,Female,Engineer,3
405,1773,Female,Manager,4
773,1970,Female,Manager,2
702,1340,Female,Teacher,2
417,1483,Female,Developer,2
585,1297,Male,Artist,3
417,1990,Male,Engineer,5
770,1220,Male,Developer,5
560,1363,Female,Engineer,3
881,1140,Male,Manager,5
618,1351,Female,Doctor,4
452,1870,Female,Developer,1
842,1283,Male,Engineer,1
166,1885,Male,Scientist,1
130,1086,Female,Developer,2
300,1571,Male,Lawyer,5
941,1945,Male,Teacher,5
472,1775,Female,Engineer,4
688,1267,Female,Lawyer,3
43,1764,Female,Lawyer,5
169,1952,Female,Engineer,5
173,1915,Female,Scientist,5
335,1695,Female,Developer,4
336,1840,Female,Manager,2
666,1688,Male,Teacher,2
232,1401,Female,Doctor,4
849,1278,Male,Designer,1
691,1384,Male,Engineer,3
941,1001,Male,Doctor,1
487,1088,Male,Doctor,2
595,1208,Female,Scientist,3
752,1052,Male,Manager,4
473,1609,Male,Artist,4
176,1985,Female,Developer,3
526,1806,Male,Lawyer,2
427,1923,Male,Scientist,3
311,1518,Female,Scientist,2
191,1671,Male,Designer,1
563,1090,Female,Teacher,2
440,1960,Male,Manager,5
282,1042,Male,Manager,5
275,1538,Female,Designer,3
77,1616,Male,Lawyer,4
309,1403,Male,Developer,5
131,1540,Male,Scientist,3
814,1089,Female,Developer,2
834,1069,Female,Scientist,4
540,1261,Male,Doctor,3
992,1080,Male,Scientist,3
889,1202,Male,Engineer,4
794,1676,Female,Engineer,1
463,1506,Male,Manager,3
230,1702,Female,Designer,2
46,1801,Female,Engineer,1
188,1826,Female,Teacher,1
926,1590,Male,Lawyer,2
873,1080,Male,Designer,1
142,1263,Female,Designer,2
493,1817,Male,Scientist,3
685,1788,Male,Doctor,4
527,1055,Female,Manager,1
955,1996,Female,Scientist,3
972,1068,Male,Lawyer,3
519,1818,Female,Designer,1
715,1126,Female,Artist,1
490,1914,Female,Doctor,2
811,1663,Male,Designer,1
365,1854,Male,Doctor,3
68,1967,Female,Doctor,1
808,1894,Male,Doctor,2
481,1072,Female,Scientist,4
428,1657,Female,Lawyer,5
932,1105,Female,Doctor,3
414,1319,Female,Manager,5
355,1302,Male,Engineer,3
52,1452,Female,Scientist,4
527,1100,Male,Manager,1
973,1276,Female,Lawyer,1
215,1228,Male,Scientist,5
679,1181,Female,Lawyer,3
949,1549,Female,Manager,1
764,1917,Male,Doctor,2
189,1789,Female,Designer,2
930,1339,Female,Designer,3
982,1842,Male,Manager,1
648,1133,Female,Doctor,3
772,1799,Male,Engineer,4
589,1519,Male,Manager,4
329,1866,Male,Manager,1
627,1284,Male,Manager,3
210,1447,Male,Designer,5
900,1243,Male,Engineer,3
89,1831,Male,Teacher,1
451,1295,Female,Manager,5
312,1004,Male,Manager,2
525,1960,Male,Engineer,5
294,1553,Female,Engineer,2
829,1283,Female,Scientist,3
776,1590,Female,Artist,5
535,1346,Female,Engineer,4
225,1262,Male,Engineer,5
69,1605,Male,Lawyer,4
159,1428,Female,Manager,3
961,1053,Male,Teacher,3
968,1070,Female,Manager,1
611,1461,Male,Scientist,4
517,1825,Male,Lawyer,2
87,1809,Male,Developer,4
645,1610,Female,Designer,1
997,1013,Female,Manager,3
685,1054,Male,Teacher,5
999,1409,Male,Scientist,1
83,1966,Male,Doctor,5
919,1722,Female,Developer,1
340,1695,Female,Engineer,5
787,1579,Female,Manager,3
153,1047,Female,Teacher,5
598,1056,Female,Scientist,4
854,1966,Female,Designer,3
882,1325,Male,Lawyer,3
938,1785,Female,Manager,4
699,1677,Female,Doctor,3
293,1982,Female,Doctor,5
436,1639,Female,Teacher,1
979,1987,Male,Manager,2
37,1453,Male,Manager,3
184,1125,Female,Scientist,1
889,1790,Male,Scientist,1
366,1707,Male,Artist,1
759,1553,Female,Designer,2
224,1030,Female,Doctor,2
216,1985,Female,Designer,1
330,1242,Male,Artist,2
882,1061,Female,Artist,3
861,1686,Female,Teacher,2
271,1422,Male,Designer,3
353,1632,Female,Teacher,2
778,1692,Male,Designer,4
664,1555,Male,Scientist,1
633,1375,Male,Teacher,2
502,1913,Female,Manager,2
21,1342,Male,Artist,3
862,1913,Female,Designer,1
606,1943,Male,Artist,1
983,1939,Female,Manager,4
765,1918,Male,Engineer,2
763,1170,Male,Scientist,2
239,1160,Female,Doctor,2
122,1733,Female,Teacher,4
106,1590,Male,Scientist,5
53,1079,Male,Developer,3
467,1704,Male,Manager,3
303,1188,Male,Engineer,1
739,1524,Male,Manager,1
546,1854,Female,Engineer,3
834,1248,Female,Lawyer,4
821,1406,Female,Manager,5
137,1652,Male,Engineer,3
488,1375,Female,Engineer,4
685,1717,Male,Manager,1
5,1893,Male,Doctor,1
72,1005,Female,Developer,4
206,1240,Male,Designer,4
608,1076,Female,Scientist,1
152,1435,Female,Doctor,5
8,1795,Male,Developer,4
759,1025,Male,Manager,5
527,1089,Female,Scientist,2
443,1948,Male,Scientist,5
241,1118,Male,Developer,4
33,1346,Female,Developer,5
659,1714,Male,Lawyer,4
429,1223,Female,Scientist,3
343,1353,Female,Artist,3
41,1142,Male,Developer,5
343,1582,Female,Doctor,1
44,1943,Female,Developer,5
489,1356,Male,Teacher,5
975,1106,Male,Artist,1
530,1329,Male,Scientist,5
421,1715,Female,Doctor,3
545,1122,Female,Designer,1
870,1114,Female,Lawyer,5
648,1976,Female,Manager,3
36,1782,Female,Teacher,4
88,1836,Female,Developer,2
768,1626,Male,Developer,4
267,1099,Female,Lawyer,5
677,1385,Female,Designer,3
132,1300,Male,Teacher,3
858,1259,Male,Lawyer,3
180,1166,Male,Designer,4
937,1117,Female,Doctor,5
921,1441,Male,Scientist,2
548,1738,Male,Doctor,5
249,1295,Male,Designer,1
479,1490,Female,Designer,2
359,1199,Female,Lawyer,2
187,1751,Female,Artist,3
280,1052,Male,Scientist,3
134,1028,Female,Doctor,4
937,1724,Male,Developer,2
626,1790,Female,Manager,1
318,1267,Male,Designer,5
415,1877,Male,Doctor,4
116,1096,Male,Scientist,2
982,1273,Female,Teacher,5
56,1695,Male,Developer,5
346,1467,Male,Engineer,4
932,1371,Male,Designer,1
266,1479,Female,Artist,4
313,1383,Male,Manager,4
299,1398,Female,Scientist,1
279,1365,Male,Doctor,1
262,1617,Female,Designer,4
57,1927,Male,Manager,4
70,1163,Male,Doctor,5
690,1345,Male,Developer,5
750,1921,Female,Lawyer,5
172,1237,Male,Doctor,5
162,1790,Female,Scientist,5
807,1173,Female,Doctor,2
272,1399,Male,Teacher,5
471,1562,Male,Scientist,5
661,1785,Male,Designer,1
558,1504,Male,Manager,1
857,1415,Male,Manager,2
848,1560,Female,Lawyer,2
89,1406,Male,Artist,3
179,1431,Female,Teacher,1
611,1422,Female,Teacher,3
233,1871,Female,Scientist,4
704,1502,Female,Engineer,3
453,1728,Female,Engineer,3
254,1883,Male,Engineer,3
746,1418,Female,Manager,5
156,1755,Female,Designer,2
993,1800,Female,Lawyer,4
700,1516,Female,Doctor,1
835,1391,Male,Developer,3
33,1228,Female,Lawyer,2
791,1452,Male,Doctor,3
528,1891,Male,Doctor,4
235,1013,Male,Scientist,5
836,2000,Female,Manager,3
303,1592,Female,Engineer,4
759,1902,Female,Lawyer,3
598,1594,Female,Engineer,5
626,1059,Female,Lawyer,2
269,1635,Female,Artist,1
305,1314,Female,Engineer,2
812,1425,Female,Artist,3
229,1491,Male,Engineer,4
943,1863,Female,Scientist,1
734,1788,Female,Manager,1
739,1572,Female,Lawyer,2
472,1595,Female,Lawyer,3
591,1985,Male,Teacher,3
921,1724,Male,Developer,4
721,1329,Male,Artist,1
31,1613,Male,Scientist,1
561,1614,Female,Engineer,1
686,1355,Female,Artist,5
737,1340,Female,Doctor,5
965,1482,Male,Manager,4
725,1310,Female,Scientist,4
64,1460,Female,Lawyer,5
514,1766,Female,Designer,3
505,1973,Male,Doctor,1
949,1592,Female,Designer,5
755,1536,Female,Lawyer,5
476,1018,Male,Manager,1
910,1150,Male,Engineer,4
310,1829,Male,Developer,3
623,1063,Female,Manager,4
722,1969,Male,Designer,3
119,1663,Female,Manager,4
597,1135,Female,Engineer,5
429,1048,Male,Doctor,4
618,1206,Male,Lawyer,4
783,1657,Female,Teacher,1
482,1517,Female,Designer,2
725,1767,Male,Scientist,1
363,1661,Male,Artist,2
740,1040,Male,Engineer,1
416,1474,Female,Manager,3
682,1677,Female,Teacher,2
428,1634,Male,Engineer,4
899,1635,Female,Doctor,2
996,1417,Female,Scientist,2
991,1217,Male,Designer,4
236,1855,Male,Scientist,3
362,1182,Female,Artist,1
634,1909,Female,Teacher,2
414,1918,Male,Scientist,2
597,1342,Female,Engineer,2
257,1461,Male,Artist,2
913,1550,Male,Teacher,2
308,1798,Female,Manager,5
422,1155,Female,Scientist,5
900,1822,Female,Engineer,3
226,1671,Male,Lawyer,1
549,1678,Female,Scientist,3
215,1565,Male,Teacher,2
30,1198,Male,Artist,5
271,1747,Male,Engineer,1
674,1675,Female,Manager,3
542,1017,Female,Engineer,2
846,1133,Female,Artist,1
649,1215,Male,Designer,3
372,1659,Male,Scientist,1
647,1249,Male,Artist,3
473,1289,Male,Scientist,3
387,1064,Male,Doctor,1
952,1811,Male,Teacher,5
850,1279,Female,Scientist,3
323,1245,Female,Manager,3
534,1635,Male,Artist,3
538,1937,Male,Developer,2
515,1661,Male,Developer,2
454,1017,Male,Doctor,3
751,1868,Male,Scientist,2
201,1464,Male,Teacher,4
207,1835,Female,Scientist,1
240,1388,Female,Artist,5
67,1749,Male,Artist,5
190,1167,Female,Designer,1
341,1740,Female,Scientist,5
815,1869,Female,Teacher,3
827,1082,Female,Doctor,1
750,1745,Female,Scientist,4
885,1163,Male,Artist,4
75,1027,Female,Lawyer,4
655,1382,Male,Manager,5
509,1245,Male,Manager,2
767,1872,Male,Artist,4
981,1211,Male,Artist,3
739,1960,Female,Engineer,1
390,1056,Male,Doctor,2
780,1264,Female,Teacher,3
133,1780,Female,Lawyer,3
142,1086,Female,Lawyer,4
477,1943,Female,Teacher,2
986,1786,Female,Manager,4
31,1918,Male,Teacher,4
631,1550,Male,Doctor,3
83,1675,Male,Artist,5
982,1794,Male,Artist,4
995,1857,Male,Scientist,5
79,1011,Male,Teacher,5
896,1296,Male,Teacher,1
710,1581,Male,Lawyer,2
703,1696,Male,Lawyer,5
572,1672,Male,Doctor,5
396,1499,Female,Developer,2
173,1804,Male,Teacher,5
212,1737,Female,Teacher,5
161,1545,Male,Teacher,5
710,1641,Female,Manager,5
599,1787,Female,Designer,1
414,1881,Female,Developer,1
546,1952,Male,Doctor,1
960,1407,Male,Lawyer,3
161,1752,Male,Scientist,2
342,1634,Female,Designer,5
856,1251,Male,Scientist,3
777,1983,Female,Artist,3
554,1891,Male,Teacher,5
941,1317,Male,Lawyer,1
905,1813,Female,Developer,2
545,1335,Female,Scientist,2
195,1723,Female,Teacher,1
433,1414,Female,Artist,2
831,1251,Male,Doctor,1
196,1147,Male,Scientist,3
423,1805,Male,Designer,1
953,1263,Female,Lawyer,1
899,1926,Female,Artist,1
94,1511,Male,Developer,4
920,1016,Male,Artist,4
347,1144,Female,Developer,2
901,1638,Male,Lawyer,5
363,1436,Female,Teacher,2
775,1135,Male,Designer,2
222,1819,Female,Designer,2
148,1994,Female,Engineer,5
148,1170,Male,Artist,1
737,1431,Female,Lawyer,3
477,1414,Female,Doctor,5
661,1283,Male,Scientist,4
905,1552,Female,Scientist,1
878,1455,Male,Developer,4
677,1721,Female,Scientist,2
159,1631,Female,Doctor,4
278,1100,Female,Artist,1
731,1312,Male,Lawyer,2
34,1651,Female,Manager,1
587,1973,Male,Lawyer,5
117,1449,Female,Engineer,2
692,1329,Female,Artist,1
837,1207,Male,Manager,3
257,1295,Female,Teacher,2
882,1055,Female,Scientist,4
473,1830,Female,Manager,3
145,1875,Female,Teacher,5
827,1977,Female,Teacher,3
811,1117,Female,Doctor,2
453,1554,Male,Scientist,5
546,1524,Male,Engineer,2
715,1561,Male,Doctor,3
955,1670,Female,Scientist,4
945,1649,Male,Lawyer,3
632,1755,Female,Scientist,4
360,1309,Male,Developer,4
810,1761,Female,Manager,3
909,1605,Female,Manager,3
608,1533,Male,Doctor,3
409,1181,Male,Developer,2
143,1879,Male,Designer,3
561,1964,Male,Designer,2
158,1593,Female,Manager,3
899,1557,Female,Scientist,1
443,1901,Female,Lawyer,3
861,1142,Female,Scientist,3
161,1330,Female,Doctor,2
942,1193,Male,Engineer,5
354,1786,Male,Doctor,1
886,1271,Male,Manager,3
178,1375,Female,Manager,5
910,1283,Female,Doctor,1
800,1056,Male,Developer,1
255,1060,Male,Manager,1
145,1146,Female,Lawyer,5
125,1614,Male,Manager,5
798,1560,Male,Scientist,4
683,1705,Male,Developer,4
138,1898,Male,Artist,2
386,1844,Female,Doctor,5
464,1328,Female,Artist,1
594,1364,Female,Designer,5
202,1151,Male,Scientist,3
732,1023,Male,Artist,4
903,1312,Female,Engineer,3
502,1873,Male,Designer,4
307,1904,Male,Scientist,1
271,1433,Male,Lawyer,1
155,1819,Male,Lawyer,4
946,1883,Male,Designer,1
553,1362,Male,Teacher,1
836,1525,Female,Doctor,3
86,1791,Female,Designer,2
410,1307,Female,Lawyer,4
976,1431,Male,Artist,2
688,1176,Female,Manager,3
130,1010,Male,Doctor,5
622,1549,Male,Designer,4
232,1127,Male,Doctor,4
702,1317,Male,Teacher,1
987,1525,Male,Developer,3
258,1219,Male,Teacher,3
542,1816,Male,Lawyer,5
204,1115,Male,Designer,3
984,1616,Female,Designer,4
871,1276,Male,Artist,1
282,1899,Male,Developer,5
890,1360,Female,Lawyer,2
756,1346,Male,Teacher,4
798,1735,Male,Artist,2
308,1892,Male,Lawyer,1
853,1447,Male,Doctor,1
925,1545,Female,Doctor,1
621,1392,Female,Manager,3
325,1351,Male,Developer,4
685,1915,Female,Teacher,4
934,1161,Female,Doctor,3
737,1907,Male,Lawyer,5
977,1342,Male,Artist,3
286,1775,Female,Scientist,4
709,1057,Female,Designer,3
624,1483,Female,Engineer,2
146,1230,Male,Developer,2
209,1563,Male,Doctor,3
520,1702,Female,Designer,5
343,1262,Male,Engineer,4
345,1016,Female,Engineer,1
473,1078,Male,Manager,5
426,1214,Male,Doctor,4
216,1707,Male,Artist,1
333,1045,Male,Teacher,1
710,1673,Male,Developer,4
983,1324,Female,Designer,2
387,1676,Male,Developer,2
415,1092,Female,Engineer,4
831,1785,Male,Artist,1
605,1240,Male,Artist,5
995,1551,Male,Engineer,1
650,1261,Female,Engineer,1
115,1092,Female,Artist,1
12,1085,Male,Manager,4
849,1569,Female,Doctor,4
61,1965,Female,Designer,3
504,1619,Female,Teacher,3
134,1226,Male,Artist,5
882,1176,Female,Lawyer,4
464,1204,Female,Artist,3
99,1161,Male,Doctor,4
14,1127,Male,Artist,2
808,1373,Female,Manager,3
948,1433,Male,Artist,2
581,1121,Male,Manager,4
243,1286,Female,Designer,2
686,1105,Male,Artist,3
463,1674,Male,Scientist,5
759,1846,Male,Doctor,5
928,1405,Male,Manager,2
173,1723,Male,Engineer,5
324,1849,Male,Teacher,4
126,1304,Male,Teacher,4
966,1055,Male,Developer,1
892,1581,Male,Scientist,5
302,1379,Female,Developer,3
625,1091,Female,Lawyer,4
256,1260,Female,Teacher,1
798,1967,Female,Teacher,2
554,1954,Male,Developer,2
305,1734,Female,Manager,2
648,1507,Male,Doctor,1
922,1172,Female,Lawyer,1
696,1003,Male,Teacher,2
842,1614,Female,Developer,2
360,1741,Male,Doctor,2
197,1088,Male,Designer,4
279,1634,Male,Lawyer,4
449,1460,Male,Manager,4
797,1582,Female,Scientist,4
744,1365,Male,Developer,5
452,1534,Female,Manager,5
514,1101,Female,Designer,1
594,1369,Female,Developer,1
885,1903,Female,Lawyer,2
493,1670,Female,Teacher,3
329,1222,Male,Developer,3
454,1652,Male,Engineer,4
964,1260,Female,Scientist,3
94,1407,Male,Teacher,4
656,1597,Male,Teacher,5
389,1411,Male,Designer,5
69,1471,Male,Designer,1
681,1875,Male,Artist,3
478,1667,Female,Doctor,5
689,1686,Female,Engineer,3
145,1800,Male,Scientist,3
352,1983,Male,Engineer,1
253,1123,Male,Lawyer,5
606,1189,Female,Designer,4
482,1937,Male,Scientist,1
654,1723,Female,Developer,4
450,1741,Male,Artist,3
516,1099,Female,Scientist,3
100,1247,Female,Scientist,2
758,1318,Female,Artist,4
454,1662,Female,Engineer,5
396,1841,Female,Developer,1
891,1275,Male,Developer,2
849,1172,Female,Teacher,4
729,1094,Female,Doctor,3
814,1050,Male,Engineer,1
709,1879,Male,Engineer,4
59,1257,Female,Scientist,4
442,1819,Male,Designer,4
206,1234,Female,Scientist,3
373,1484,Female,Engineer,2
365,1120,Male,Engineer,3
706,1877,Male,Doctor,2
611,1091,Female,Doctor,1
725,1177,Male,Teacher,1
644,1221,Female,Teacher,4
938,1635,Male,Scientist,1
401,1027,Female,Engineer,1
723,1823,Male,Engineer,5
270,1558,Female,Developer,1
734,1122,Female,Artist,1
718,1814,Female,Manager,5
824,1993,Male,Manager,2
455,1528,Male,Developer,4
708,1944,Female,Teacher,2
137,1874,Male,Manager,5
532,1443,Male,Artist,2
554,1665,Female,Artist,3
996,1562,Female,Manager,2
585,1689,Male,Artist,3
673,1574,Female,Scientist,5
6,1056,Female,Manager,1
591,1526,Male,Lawyer,2
581,1318,Female,Manager,2
676,1603,Female,Doctor,4
534,1030,Male,Doctor,3
149,1098,Female,Manager,1
933,1770,Male,Artist,1
272,1561,Male,Engineer,2
927,1711,Female,Scientist,3
432,1094,Female,Teacher,5
193,1304,Male,Manager,4
41,1962,Male,Lawyer,2
939,1182,Female,Developer,2
53,1265,Male,Designer,2
978,1197,Male,Engineer,1
429,1752,Male,Manager,5
24,1837,Female,Engineer,2
996,1514,Female,Designer,1
798,1771,Male,Manager,5
867,1142,Male,Developer,5
272,1349,Female,Teacher,1
817,1946,Male,Designer,1
231,1623,Male,Lawyer,2
264,1882,Female,Lawyer,4
883,1421,Male,Engineer,2
151,1329,Female,Artist,2
19,1505,Female,Lawyer,3
963,1689,Female,Teacher,2
67,1952,Female,Developer,2
83,1837,Male,Doctor,5
71,1308,Male,Manager,1
53,1886,Female,Lawyer,1
417,1889,Female,Engineer,4
781,1107,Male,Doctor,3
814,1287,Female,Designer,4
668,1961,Male,Lawyer,1
204,1316,Male,Developer,1
232,1680,Male,Scientist,2
757,1598,Male,Doctor,4
932,1975,Female,Engineer,2
224,1506,Female,Teacher,4
834,1733,Female,Developer,2
462,1983,Female,Manager,3
967,1990,Female,Lawyer,5
217,1405,Male,Developer,3
922,1842,Male,Developer,1
880,1344,Female,Artist,3
169,1998,Male,Designer,2
727,1912,Female,Engineer,4
479,1690,Male,Doctor,2
55,1029,Female,Manager,1
142,1408,Female,Lawyer,1
178,1240,Male,Engineer,1
991,1842,Female,Engineer,1
377,1872,Male,Manager,2
310,1786,Male,Engineer,2
90,1908,Female,Manager,4
500,1148,Female,Developer,5
864,1615,Female,Teacher,5
367,1451,Female,Lawyer,2
936,1930,Female,Artist,4
552,1809,Male,Manager,1
752,1757,Female,Teacher,2
355,1358,Female,Artist,4
389,1467,Female,Teacher,4
154,1820,Male,Designer,3
774,1813,Female,Developer,1
911,1326,Male,Manager,4
956,1265,Male,Artist,4
114,1225,Male,Designer,3
912,1688,Male,Manager,2
771,1324,Male,Engineer,2
619,1568,Male,Manager,4
507,1577,Female,Developer,2
677,1495,Female,Artist,2
285,1909,Male,Doctor,3
138,1833,Male,Scientist,5
526,1207,Male,Scientist,1
706,1449,Female,Scientist,2
298,1458,Female,Artist,3
539,1985,Female,Artist,1
617,1299,Female,Lawyer,4
569,1786,Female,Artist,3
573,1437,Female,Scientist,2
567,1035,Female,Teacher,4
376,1332,Male,Doctor,3
877,1242,Male,Developer,2
381,1352,Female,Manager,4
973,1543,Male,Developer,1
58,1525,Male,Scientist,4
320,1399,Male,Engineer,5
964,1045,Male,Teacher,3
228,1815,Female,Scientist,1
672,1422,Female,Manager,1
776,1645,Male,Scientist,2
425,1448,Male,Developer,1
995,1021,Male,Lawyer,4
600,1864,Male,Designer,1
191,1942,Male,Scientist,4
422,1609,Female,Doctor,5
931,1534,Female,Teacher,1
741,1970,Male,Scientist,2
596,1084,Male,Artist,1
425,1114,Male,Manager,3
568,1892,Female,Manager,2
502,1839,Male,Engineer,4
506,1103,Male,Lawyer,5
708,1753,Female,Designer,3
520,1642,Female,Teacher,1
45,1686,Female,Engineer,4
932,1831,Male,Engineer,5
649,1093,Female,Artist,3
530,1925,Male,Designer,4
104,1007,Female,Manager,2
930,1014,Female,Lawyer,1
193,1630,Male,Scientist,3
728,1740,Male,Manager,1
328,1217,Male,Engineer,1
472,1835,Male,Designer,1
719,1581,Male,Scientist,3
269,1829,Female,Lawyer,1
522,1625,Female,Engineer,1
470,1825,Female,Designer,4
781,1003,Female,Developer,4
336,1274,Female,Lawyer,5
12,1983,Male,Lawyer,3
38,1621,Male,Lawyer,4
114,1631,Female,Scientist,5
100,1348,Male,Manager,5
472,1303,Male,Doctor,2
193,1608,Female,Manager,5
16,1704,Male,Artist,3
249,1117,Male,Teacher,4
674,1671,Male,Manager,4
459,1450,Male,Scientist,1
712,1910,Female,Developer,5
86,1533,Male,Teacher,4
878,1020,Female,Manager,1
523,1321,Male,Doctor,4
963,1121,Female,Scientist,2
261,1152,Female,Doctor,4
23,1257,Male,Designer,5
825,1981,Female,Teacher,1
346,1077,Female,Manager,1
846,1816,Male,Lawyer,3
550,1228,Female,Engineer,4
734,1405,Female,Designer,5
251,1933,Female,Scientist,3
704,1211,Female,Engineer,1
873,1484,Female,Engineer,5
376,1880,Male,Designer,2
408,1832,Male,Artist,4
348,1295,Male,Artist,4
967,1673,Male,Developer,4
188,1176,Male,Teacher,5
437,1930,Male,Doctor,4
900,1871,Male,Engineer,1
99,1253,Male,Lawyer,2
854,1744,Male,Engineer,4
419,1171,Female,Teacher,5
629,1369,Female,Lawyer,1
838,1912,Male,Scientist,1
797,1796,Female,Designer,2
548,1153,Female,Engineer,4
370,1941,Male,Doctor,1
717,1842,Male,Manager,4
490,1508,Male,Manager,4
533,1960,Male,Scientist,3
854,1075,Male,Teacher,2
546,1089,Male,Artist,3
476,1315,Male,Lawyer,5
913,1530,Male,Teacher,1
634,1314,Female,Scientist,2
781,1124,Female,Manager,2
116,1866,Male,Artist,4
500,1383,Female,Teacher,4
363,1065,Male,Engineer,4
573,1586,Female,Developer,2
244,1766,Male,Teacher,1
783,1374,Male,Engineer,5
435,1765,Male,Lawyer,3
735,1508,Male,Developer,1
953,1448,Female,Designer,3
318,1394,Female,Doctor,2
863,1385,Female,Designer,5
625,1671,Female,Developer,4
284,1220,Female,Developer,5
813,1722,Male,Engineer,5
363,1149,Male,Engineer,1
552,1921,Male,Artist,2
377,1915,Male,Artist,1
800,1938,Male,Manager,1
274,1580,Male,Artist,1
846,1916,Male,Developer,5
482,1487,Female,Doctor,4
286,1875,Female,Artist,3
308,1698,Female,Lawyer,2
466,1778,Female,Lawyer,5
384,1610,Female,Engineer,4
804,1737,Male,Designer,5
731,1707,Male,Developer,4
49,1616,Male,Teacher,2
914,1206,Male,Developer,2
78,1900,Female,Lawyer,3
99,1912,Male,Engineer,2
279,1181,Male,Designer,5
537,1507,Female,Artist,1
902,1416,Female,Teacher,4
747,1883,Male,Manager,5
245,1511,Male,Designer,1
843,1337,Male,Manager,5
705,1667,Female,Manager,4
750,1269,Male,Manager,5
663,1802,Male,Teacher,5
434,1036,Male,Scientist,3
263,1213,Female,Lawyer,1
958,1175,Female,Artist,3
68,1605,Male,Manager,5
786,1567,Female,Manager,2
10,1924,Female,Designer,4
889,1269,Male,Artist,1
49,1954,Female,Lawyer,1
439,1698,Female,Manager,4
770,1287,Male,Manager,4
17,1861,Male,Scientist,2
404,1848,Male,Engineer,3
264,1929,Male,Artist,1
86,1040,Female,Engineer,4
805,1575,Male,Teacher,3
874,1779,Female,Scientist,5
783,1390,Female,Scientist,4
973,1023,Female,Designer,2
356,1978,Female,Manager,2
987,1243,Male,Teacher,2
160,1201,Female,Designer,4
81,1990,Male,Lawyer,5
74,1234,Male,Artist,2
147,1419,Female,Scientist,4
301,1966,Male,Doctor,1
202,1015,Male,Designer,5
289,1912,Male,Artist,1
35,1164,Female,Developer,2
633,1184,Male,Doctor,2
770,1542,Female,Lawyer,3
355,1402,Female,Artist,1
419,1161,Male,Teacher,2
350,1941,Male,Doctor,5
16,1561,Female,Teacher,4
393,1406,Male,Engineer,5
218,1278,Male,Engineer,4
586,1359,Female,Engineer,2
169,1877,Male,Teacher,1
262,1064,Female,Doctor,5
171,1623,Female,Lawyer,1
845,1988,Male,Manager,4
477,1566,Female,Scientist,3
15,1791,Male,Manager,4
448,1297,Male,Scientist,1
544,1052,Male,Artist,4
350,1865,Male,Lawyer,4
433,1066,Female,Designer,5
989,1758,Male,Scientist,5
183,1951,Female,Teacher,4
447,1263,Male,Engineer,4
425,1596,Female,Developer,2
859,1343,Male,Designer,1
907,1253,Female,Doctor,5
103,1461,Female,Manager,1
305,1859,Male,Doctor,3
58,1830,Female,Doctor,5
100,1056,Female,Scientist,2
910,1813,Female,Doctor,4
853,1471,Female,Artist,4
820,1503,Female,Developer,2
746,1798,Male,Artist,5
92,1040,Male,Artist,2
332,1959,Male,Manager,4
262,1738,Male,Scientist,4
29,1598,Female,Teacher,2
937,1639,Female,Lawyer,3
19,1078,Female,Scientist,2
455,1640,Female,Developer,1
651,1003,Male,Developer,2
393,1962,Male,Teacher,3
413,1161,Male,Teacher,3
651,1515,Male,Teacher,4
279,1117,Male,Engineer,3
181,1035,Male,Artist,2
394,1907,Female,Teacher,5
541,1477,Male,Manager,4
358,1199,Female,Doctor,2
892,1677,Male,Designer,5
675,1927,Male,Engineer,1
692,1900,Female,Teacher,1
659,1691,Male,Manager,1
265,1269,Male,Manager,3
352,1575,Female,Engineer,2
108,1147,Female,Lawyer,5
704,1254,Female,Doctor,1
246,1336,Male,Doctor,2
735,1630,Female,Scientist,2
748,1500,Female,Artist,1
235,1615,Female,Manager,2
794,1081,Male,Engineer,1
847,1340,Female,Scientist,3
612,1721,Male,Scientist,1
773,1356,Male,Teacher,4
662,1924,Female,Engineer,4
932,1281,Male,Manager,5
130,1409,Male,Lawyer,1
654,1789,Female,Artist,5
545,1762,Female,Lawyer,5
547,1851,Male,Teacher,1
161,1757,Male,Lawyer,5
797,1497,Female,Engineer,2
858,1821,Female,Designer,3
752,1765,Female,Manager,4
962,1925,Female,Teacher,2
547,1298,Female,Lawyer,4
333,1581,Male,Scientist,2
921,1748,Female,Scientist,4
905,1674,Male,Engineer,2
522,1141,Male,Lawyer,3
665,1477,Female,Scientist,5
838,1289,Female,Manager,3
463,1828,Female,Lawyer,1
382,1109,Female,Lawyer,2
866,1602,Female,Lawyer,3
616,1467,Female,Manager,1
633,1081,Female,Doctor,1
813,1719,Female,Lawyer,2
228,1318,Female,Teacher,1
306,1091,Male,Teacher,2
785,1474,Male,Manager,1
864,1745,Male,Doctor,3
205,1803,Male,Scientist,1
429,1737,Female,Engineer,3
799,1910,Male,Teacher,1
32,1041,Female,Scientist,1
796,1683,Male,Scientist,5
201,1449,Male,Engineer,2
642,1119,Male,Developer,1
344,1136,Female,Scientist,5
669,1247,Female,Lawyer,2
350,1243,Female,Teacher,5
853,1926,Male,Artist,2
976,1878,Male,Scientist,3
266,1512,Female,Lawyer,5
534,1772,Female,Engineer,4
170,1623,Female,Developer,5
979,1632,Female,Artist,1
294,1953,Male,Doctor,2
280,1618,Male,Designer,1
609,1616,Female,Engineer,3
226,1935,Female,Teacher,3
21,1940,Male,Manager,1
973,1602,Female,Artist,5
319,1404,Female,Manager,4
932,1333,Female,Doctor,1
906,1137,Female,Artist,2
302,1115,Female,Lawyer,2
714,1455,Female,Teacher,4
513,1501,Female,Lawyer,1
207,1434,Male,Engineer,1
935,1116,Female,Developer,1
812,1813,Male,Artist,1
555,1986,Female,Doctor,1
48,1306,Female,Teacher,3
942,1989,Male,Designer,5
579,1015,Male,Artist,1
701,1636,Female,Artist,5
186,1067,Female,Engineer,2
593,1182,Male,Designer,1
541,1162,Male,Teacher,3
601,1451,Female,Engineer,2
527,1948,Male,Engineer,5
98,1676,Male,Developer,4
232,1684,Female,Teacher,3
238,1637,Male,Doctor,4
38,1663,Female,Developer,3
632,1112,Female,Manager,3
481,1092,Male,Teacher,2
24,1446,Female,Artist,3
503,1163,Female,Artist,3
238,1421,Male,Artist,3
982,1794,Male,Artist,1
375,1522,Male,Manager,2
686,1771,Female,Artist,5
421,1879,Female,Artist,3
907,1549,Male,Lawyer,1
51,1645,Male,Teacher,3
843,1955,Male,Manager,4
676,1607,Female,Lawyer,2
526,1507,Female,Designer,5
821,1648,Female,Lawyer,3
679,1728,Female,Engineer,1
889,1191,Male,Lawyer,2
408,1065,Male,Doctor,4
4,1899,Male,Artist,5
109,1032,Male,Manager,2
145,1406,Female,Scientist,2
835,1417,Male,Doctor,2
766,1101,Female,Manager,2
647,1924,Male,Developer,2
279,1260,Female,Developer,3
671,1527,Female,Lawyer,1
375,1749,Female,Engineer,3
395,1530,Female,Doctor,2
520,1575,Male,Scientist,3
921,1875,Male,Lawyer,2
197,1652,Male,Teacher,3
881,1062,Male,Engineer,2
403,1306,Female,Engineer,3
733,1256,Female,Scientist,1
419,1476,Female,Engineer,5
869,1753,Male,Lawyer,1
29,1048,Male,Artist,3
707,1612,Female,Lawyer,4
996,1535,Male,Engineer,2
242,1631,Male,Manager,3
370,1054,Female,Manager,3
861,1996,Male,Manager,1
449,1805,Male,Artist,2
507,1791,Male,Teacher,1
411,1307,Male,Artist,4
466,1541,Male,Lawyer,3
800,1356,Female,Developer,1
16,1101,Male,Manager,4
344,1259,Female,Engineer,5
919,1542,Male,Scientist,3
499,1207,Female,Lawyer,2
808,1805,Female,Lawyer,5
441,1203,Female,Lawyer,2
203,1731,Male,Lawyer,4
859,1014,Female,Teacher,2
56,1238,Male,Doctor,3
176,1925,Female,Designer,1
675,1858,Male,Developer,4
775,1076,Female,Developer,4
517,1378,Male,Developer,4
491,1588,Male,Teacher,3
868,1939,Female,Engineer,3
918,1451,Female,Doctor,2
820,1901,Female,Developer,1
349,1447,Female,Doctor,2
759,1897,Male,Lawyer,1
200,1620,Male,Developer,4
857,1514,Female,Developer,2
317,1222,Male,Designer,2
256,1236,Female,Artist,4
611,1145,Male,Teacher,4
169,1233,Male,Teacher,2
278,1555,Male,Scientist,2
549,1632,Male,Artist,4
783,1700,Male,Engineer,4
91,1151,Female,Scientist,5
597,1089,Female,Teacher,3
868,1067,Female,Teacher,1
163,1896,Male,Designer,4
330,1250,Male,Manager,5
600,1270,Male,Scientist,3
219,1142,Male,Engineer,2
654,1893,Male,Manager,4
686,1497,Female,Teacher,3
572,1422,Male,Doctor,4
340,1469,Female,Developer,1
147,1606,Male,Developer,2
427,1616,Female,Developer,4
119,1476,Male,Manager,4
901,1943,Male,Engineer,5
446,1757,Female,Lawyer,1
915,1245,Female,Manager,4
191,1375,Female,Artist,2
147,1395,Male,Teacher,5
671,1999,Female,Scientist,3
647,1933,Female,Scientist,2
178,1813,Male,Artist,2
488,1614,Male,Artist,4
915,1233,Female,Designer,3
963,1901,Male,Developer,2
558,1177,Male,Doctor,3
588,1956,Male,Developer,2
577,1033,Male,Developer,1
35,1321,Female,Engineer,4
131,1899,Female,Engineer,4
24,1322,Male,Teacher,1
73,1529,Male,Artist,2
318,1961,Female,Developer,4
906,1398,Male,Doctor,3
70,1492,Female,Scientist,5
595,1808,Male,Manager,2
713,1392,Male,Teacher,4
838,1539,Female,Developer,5
972,1714,Male,Lawyer,3
567,1956,Male,Engineer,4
713,1833,Female,Lawyer,1
332,1226,Male,Doctor,4
467,1107,Male,Developer,2
950,1778,Female,Manager,1
415,1489,Female,Developer,3
38,1157,Female,Engineer,2
539,1942,Female,Doctor,4
664,1155,Male,Teacher,5
965,1373,Female,Teacher,3
202,1855,Female,Engineer,1
337,1323,Female,Artist,4
731,1314,Female,Lawyer,3
24,1523,Female,Developer,2
633,1602,Male,Artist,2
573,1122,Male,Artist,4
400,1096,Male,Engineer,4
925,1491,Female,Engineer,1
896,1511,Female,Developer,3
86,1461,Male,Manager,4
95,1979,Male,Manager,5
883,1942,Female,Manager,1
434,1761,Male,Doctor,1
81,1874,Male,Developer,5
537,1591,Female,Teacher,4
966,1412,Female,Artist,5
768,1742,Male,Lawyer,2
398,1031,Male,Engineer,5
605,1407,Female,Scientist,2
719,1840,Female,Engineer,2
414,1399,Female,Scientist,1
858,1655,Male,Lawyer,3
847,1722,Female,Artist,4
105,1290,Male,Lawyer,4
926,1794,Female,Doctor,2
445,1521,Female,Manager,1
361,1474,Female,Engineer,3
536,1472,Male,Doctor,4
974,1273,Female,Lawyer,2
343,1068,Female,Teacher,3
754,1933,Male,Designer,5
974,1137,Male,Teacher,5
670,1440,Female,Manager,3
288,1593,Male,Engineer,3
230,1614,Female,Engineer,2
20,1083,Male,Developer,5
497,1293,Female,Manager,2
47,1771,Female,Artist,3
938,1736,Male,Manager,2
71,1778,Female,Manager,3
24,1795,Male,Scientist,2
142,1576,Male,Designer,2
208,1879,Male,Teacher,3
143,1949,Male,Designer,1
52,1945,Female,Developer,1
607,1710,Female,Engineer,1
148,1907,Male,Developer,4
532,1772,Female,Designer,2
646,1975,Female,Doctor,5
906,1688,Male,Doctor,3
810,1586,Female,Developer,1
398,1552,Male,Manager,4
498,1303,Female,Engineer,1
726,1896,Male,Artist,4
775,1834,Male,Designer,3
814,1228,Female,Artist,1
692,1973,Male,Designer,1
437,1153,Female,Teacher,1
484,1880,Male,Lawyer,1
737,1487,Female,Doctor,2
621,1875,Male,Engineer,3
514,1446,Female,Lawyer,3
951,1584,Male,Engineer,2
427,1282,Female,Lawyer,1
427,1215,Male,Lawyer,4
553,1135,Female,Manager,5
221,1697,Female,Manager,3
467,1663,Female,Developer,5
785,1921,Male,Teacher,4
26,1941,Male,Designer,4
504,1571,Female,Scientist,5
659,1389,Female,Doctor,5
208,1216,Female,Developer,5
653,1134,Male,Developer,3
268,1344,Male,Artist,3
191,1487,Female,Artist,5
901,1393,Female,Teacher,1
748,1123,Female,Engineer,5
147,1851,Male,Scientist,2
141,1797,Female,Developer,5
610,1380,Female,Lawyer,5
83,1144,Male,Developer,1
104,1453,Male,Scientist,4
698,1190,Female,Engineer,1
991,1636,Female,Manager,3
428,1006,Male,Artist,2
466,1138,Male,Designer,4
75,1491,Female,Designer,5
928,1496,Male,Manager,2
150,1678,Female,Manager,4
236,1991,Female,Teacher,5
750,1297,Male,Teacher,3
360,1651,Male,Manager,2
778,1849,Female,Manager,5
886,1631,Male,Designer,3
172,1292,Male,Developer,3
504,1098,Female,Engineer,4
717,1705,Female,Lawyer,1
837,1700,Male,Developer,5
837,1441,Male,Scientist,3
638,1401,Male,Scientist,5
499,1855,Female,Engineer,3
131,1677,Male,Lawyer,5
144,1894,Male,Designer,5
66,1114,Male,Engineer,2
380,1766,Male,Doctor,1
409,1378,Female,Designer,3
505,1242,Male,Scientist,5
416,1135,Male,Artist,5
832,1209,Male,Lawyer,3
721,1062,Female,Teacher,1
230,1964,Male,Doctor,4
677,1339,Male,Lawyer,1
87,1709,Female,Doctor,2
345,1763,Male,Manager,5
721,1187,Male,Engineer,2
940,1605,Male,Scientist,5
399,1580,Female,Developer,3
556,1120,Female,Lawyer,3
959,1704,Female,Artist,3
675,1488,Female,Engineer,1
513,1760,Female,Teacher,4
214,1823,Male,Developer,4
912,1148,Male,Artist,2
274,1265,Male,Lawyer,4
20,1838,Male,Doctor,2
189,1917,Female,Developer,4
113,1455,Male,Manager,5
463,1778,Female,Scientist,5
841,1598,Male,Artist,5
29,1941,Male,Scientist,1
351,1179,Male,Lawyer,3
157,1463,Male,Engineer,5
438,1307,Female,Designer,2
891,1126,Male,Lawyer,2
872,1250,Female,Developer,5
983,1695,Male,Lawyer,3
910,1067,Female,Engineer,1
112,1098,Male,Scientist,3
231,1422,Female,Doctor,1
146,1233,Female,Doctor,4
374,1566,Female,Manager,2
560,1019,Female,Manager,1
90,1380,Female,Manager,3
610,1428,Male,Teacher,2
311,1479,Male,Developer,2
654,1993,Male,Developer,5
180,1938,Female,Engineer,3
624,1224,Male,Lawyer,2
356,1536,Male,Lawyer,5
748,1545,Female,Engineer,4
404,1751,Male,Scientist,2
39,1294,Male,Manager,3
338,1632,Male,Lawyer,3
900,1103,Female,Manager,4
565,1961,Female,Developer,5
392,1349,Male,Artist,5
657,1676,Male,Scientist,2
936,1563,Male,Teacher,5
806,1391,Female,Scientist,5
399,1370,Female,Designer,1
802,1537,Female,Doctor,4
82,1567,Female,Teacher,1
650,1554,Male,Developer,4
688,1438,Male,Engineer,4
852,1446,Male,Designer,4
929,1681,Male,Teacher,3
108,1646,Male,Manager,1
448,1526,Female,Manager,3
691,1963,Male,Developer,1
443,1111,Male,Doctor,2
551,1902,Female,Engineer,5
595,1231,Female,Manager,5
818,1586,Male,Manager,2
547,1822,Male,Scientist,2
501,1836,Male,Lawyer,3
986,1040,Female,Manager,1
589,1833,Female,Developer,3
70,1016,Female,Manager,2
38,1986,Male,Doctor,4
482,1757,Male,Lawyer,3
636,1318,Female,Lawyer,4
695,1028,Female,Engineer,5
941,1263,Male,Designer,1
950,1224,Male,Engineer,2
79,1461,Female,Manager,4
892,1994,Female,Designer,1
351,1210,Female,Designer,1
176,1853,Female,Doctor,1
582,1860,Male,Engineer,2
23,1752,Female,Designer,3
914,1473,Male,Designer,2
366,1367,Male,Manager,2
48,1308,Male,Designer,4
590,1147,Female,Artist,2
848,1294,Male,Scientist,4
810,1627,Male,Engineer,3
39,1871,Male,Scientist,5
447,1265,Female,Teacher,2
634,1218,Male,Teacher,5
44,1597,Female,Designer,5
818,1413,Male,Designer,2
727,1204,Female,Artist,2
237,1808,Male,Developer,4
486,1053,Female,Developer,3
603,1952,Female,Teacher,2
154,1300,Female,Teacher,1
786,1819,Male,Lawyer,3
213,1856,Male,Scientist,4
736,1201,Male,Designer,4
833,1830,Male,Designer,2
591,1140,Female,Scientist,1
833,1508,Female,Artist,2
539,1551,Female,Scientist,1
700,1109,Female,Doctor,5
792,1538,Male,Lawyer,5
865,1785,Female,Scientist,5
722,1985,Female,Teacher,5
196,1369,Male,Designer,5
736,1601,Male,Artist,3
6,1433,Male,Designer,4
265,1545,Female,Teacher,2
64,1225,Male,Designer,5
72,1879,Male,Engineer,4
145,1603,Male,Manager,1
446,1216,Male,Engineer,3
643,1347,Female,Scientist,2
576,1241,Male,Artist,2
78,1510,Female,Manager,4
465,1603,Female,Engineer,4
258,1286,Female,Artist,5
490,1301,Female,Artist,4
884,1080,Female,Designer,5
908,1858,Male,Doctor,1
443,1883,Male,Scientist,3
647,1879,Female,Doctor,4
303,1817,Female,Developer,4
904,1355,Male,Engineer,5
153,1011,Female,Engineer,4
469,1833,Male,Teacher,4
367,1952,Female,Scientist,4
925,1339,Female,Artist,5
392,1497,Female,Engineer,4
991,1240,Male,Doctor,5
165,1885,Female,Artist,5
581,1794,Female,Engineer,5
630,1578,Female,Designer,2
876,1338,Male,Engineer,3
232,1577,Female,Scientist,3
543,1548,Male,Manager,3
38,1410,Female,Lawyer,2
482,1578,Female,Teacher,1
980,1096,Female,Lawyer,2
768,1187,Female,Engineer,2
953,1388,Male,Teacher,5
855,1344,Female,Developer,5
259,1893,Female,Scientist,4
708,1213,Female,Lawyer,2
85,1731,Male,Manager,3
982,1975,Male,Designer,2
929,1662,Female,Artist,1
979,1909,Female,Artist,5
158,1070,Female,Designer,5
453,1049,Male,Developer,5
29,1201,Male,Designer,3
227,1720,Female,Teacher,1
539,1356,Male,Artist,2
914,1702,Female,Doctor,5
135,1125,Female,Designer,1
310,1102,Female,Artist,4
609,1100,Female,Designer,4
935,1862,Male,Manager,3
59,1561,Male,Teacher,1
52,1578,Male,Scientist,5
798,1539,Female,Engineer,2
195,1175,Female,Doctor,3
406,1063,Female,Scientist,4
625,1488,Male,Manager,5
238,1902,Female,Designer,4
921,1162,Female,Designer,2
90,1932,Male,Manager,3
711,1776,Female,Manager,5
228,1341,Female,Designer,1
939,1123,Female,Scientist,1
917,1220,Female,Manager,5
684,1653,Female,Teacher,5
292,1196,Male,Doctor,5
557,1040,Male,Teacher,4
113,1784,Male,Teacher,2
746,1441,Male,Designer,5
143,1888,Female,Designer,3
822,1601,Female,Artist,5
162,1034,Male,Artist,2
376,1804,Female,Artist,1
548,1086,Female,Engineer,1
693,1486,Male,Engineer,5
798,1649,Female,Artist,2
687,1891,Male,Designer,3
106,1326,Male,Engineer,3
969,1903,Female,Doctor,5
272,1512,Male,Teacher,4
459,1771,Male,Teacher,3
182,1916,Male,Designer,2
893,1906,Male,Manager,4
510,1318,Male,Scientist,1
168,1455,Male,Engineer,5
456,1170,Male,Designer,4
441,1977,Female,Manager,5
307,1409,Male,Scientist,5
212,1392,Male,Engineer,4
940,1024,Female,Manager,5
577,1839,Male,Doctor,3
952,1668,Male,Developer,4
280,1402,Male,Designer,2
977,1333,Female,Engineer,3
782,1431,Female,Teacher,2
904,1808,Female,Lawyer,4
309,1137,Female,Lawyer,2
152,1320,Female,Lawyer,3
704,1196,Male,Manager,2
470,1278,Female,Manager,3
661,1996,Female,Lawyer,3
625,1032,Female,Doctor,5
470,1217,Male,Designer,5
140,1654,Female,Manager,1
839,1421,Male,Doctor,5
283,1049,Female,Engineer,5
915,1448,Female,Lawyer,2
823,1588,Male,Scientist,3
156,1705,Male,Lawyer,1
373,1776,Male,Scientist,3
446,1198,Female,Developer,3
718,1044,Male,Lawyer,1
641,1830,Male,Artist,4
230,1377,Female,Teacher,3
79,1280,Female,Developer,3
204,1068,Male,Designer,4
7,1644,Male,Manager,5
491,1381,Female,Scientist,3
474,1393,Male,Doctor,5
356,1569,Female,Artist,4
132,1200,Female,Lawyer,2
634,1051,Female,Scientist,3
436,1653,Male,Designer,2
654,1903,Female,Scientist,3
365,1724,Female,Developer,1
60,1277,Male,Designer,2
526,1306,Male,Doctor,4
964,1945,Male,Designer,1
666,1798,Male,Teacher,2
699,1888,Female,Artist,2
730,1993,Male,Artist,1
871,1227,Male,Doctor,1
494,1451,Male,Doctor,5
396,1166,Male,Manager,5
635,1905,Male,Artist,4
480,1562,Male,Developer,4
479,1606,Male,Developer,5
996,1935,Male,Lawyer,3
87,1133,Female,Artist,4
97,1263,Male,Lawyer,1
882,1131,Male,Lawyer,1
817,1903,Male,Manager,5
47,1383,Male,Developer,1
70,1818,Female,Doctor,4
704,1509,Female,Designer,1
569,1694,Male,Manager,1
40,1553,Male,Manager,4
329,1032,Male,Artist,2
510,1990,Female,Doctor,2
653,1402,Female,Engineer,5
13,1705,Female,Lawyer,1
23,1732,Male,Designer,3
376,1386,Male,Doctor,5
980,1346,Male,Developer,4
898,1752,Male,Artist,3
874,1427,Female,Developer,2
195,1354,Female,Manager,2
769,1063,Male,Lawyer,5
898,1646,Female,Teacher,4
890,1184,Male,Designer,3
480,1134,Male,Developer,4
510,1774,Male,Developer,5
880,1408,Female,Developer,4
727,1874,Female,Artist,1
156,1031,Female,Engineer,1
865,1661,Male,Designer,1
364,1225,Female,Teacher,3
507,1944,Male,Engineer,1
486,1201,Female,Teacher,3
201,1329,Female,Developer,1
951,1564,Female,Scientist,1
58,1478,Male,Lawyer,3
893,1073,Female,Doctor,2
126,1066,Male,Designer,5
521,1675,Female,Designer,1
679,1081,Female,Doctor,5
642,1485,Male,Artist,3
342,1608,Female,Engineer,2
362,1093,Female,Scientist,4
314,1259,Female,Artist,1
486,1532,Male,Engineer,4
665,1830,Female,Artist,3
651,1316,Male,Developer,2
317,1863,Male,Lawyer,1
242,1685,Female,Lawyer,1
596,1073,Female,Doctor,2
642,1453,Male,Artist,5
658,1351,Female,Developer,2
996,1318,Male,Developer,3
444,1614,Male,Doctor,1
850,1502,Female,Teacher,2
452,1370,Female,Doctor,3
89,1549,Male,Scientist,3
633,1061,Female,Manager,4
93,1973,Female,Manager,1
901,1243,Male,Manager,2
188,1371,Male,Designer,3
83,1694,Female,Doctor,1
830,1523,Female,Developer,4
3,1146,Male,Doctor,5
61,1750,Male,Manager,5
311,1341,Female,Doctor,3
152,1948,Male,Artist,5
193,1154,Female,Artist,4
113,1827,Male,Manager,4
517,1633,Female,Lawyer,1
633,1532,Male,Designer,2
911,1491,Female,Engineer,4
734,1285,Male,Artist,5
283,1612,Male,Doctor,5
19,1186,Male,Developer,4
411,1558,Male,Lawyer,2
836,1808,Female,Engineer,3
786,1645,Female,Developer,4
633,1334,Female,Scientist,4
400,1419,Female,Designer,4
500,1033,Male,Scientist,2
241,1232,Male,Developer,1
18,1063,Female,Engineer,1
834,1369,Female,Manager,5
728,1231,Male,Teacher,2
142,1313,Male,Doctor,4
272,1662,Female,Engineer,1
2,1288,Male,Artist,4
165,1507,Male,Developer,1
222,1090,Female,Scientist,1
268,1343,Male,Designer,3
83,1083,Male,Scientist,2
427,1331,Female,Teacher,2
912,1095,Male,Scientist,5
543,1323,Female,Doctor,5
658,1510,Male,Designer,4
604,1519,Male,Manager,5
253,1408,Male,Developer,1
321,1774,Male,Teacher,2
269,1025,Female,Lawyer,4
340,1612,Female,Engineer,2
281,1922,Female,Doctor,4
535,1201,Female,Engineer,3
868,1772,Female,Artist,1
376,1152,Female,Engineer,1
677,1328,Female,Artist,1
293,1915,Female,Manager,2
690,1786,Male,Lawyer,2
882,1536,Female,Engineer,5
787,1913,Male,Engineer,2
22,1878,Female,Teacher,5
961,1719,Female,Designer,5
134,1924,Female,Manager,3
866,1690,Male,Developer,3
600,1735,Male,Artist,5
670,1278,Female,Scientist,4
151,1175,Male,Doctor,5
932,1785,Male,Lawyer,4
515,1997,Male,Teacher,4
735,1607,Male,Engineer,4
653,1098,Male,Designer,5
91,1585,Female,Teacher,4
263,1824,Female,Lawyer,5
507,1116,Female,Developer,4
703,1450,Female,Artist,2
236,1474,Male,Lawyer,4
254,1942,Female,Developer,4
564,1170,Male,Engineer,3
784,1244,Male,Artist,4
482,1316,Female,Engineer,2
481,1637,Female,Designer,1
373,1065,Female,Developer,3
178,1041,Male,Teacher,1
944,1601,Female,Designer,3
432,1579,Female,Artist,2
221,1717,Female,Teacher,2
488,1719,Male,Engineer,4
994,1859,Female,Engineer,3
471,1494,Female,Developer,2
405,1001,Female,Developer,2
679,1193,Female,Developer,2
411,1570,Male,Teacher,2
87,1231,Female,Engineer,3
874,1371,Male,Scientist,2
212,1849,Male,Manager,1
947,1970,Female,Doctor,5
566,1849,Male,Manager,1
198,1295,Female,Designer,3
119,1416,Male,Teacher,5
294,1072,Female,Engineer,2
117,1726,Female,Developer,4
801,1376,Male,Scientist,2
382,1727,Male,Scientist,5
390,1190,Male,Artist,3
170,1808,Male,Artist,1
310,1291,Female,Lawyer,5
94,1545,Male,Teacher,1
441,1299,Female,Artist,3
225,1657,Male,Doctor,1
965,1469,Female,Lawyer,2
763,1506,Female,Developer,4
429,1241,Male,Teacher,4
433,1772,Male,Artist,4
268,1858,Male,Scientist,1
141,1474,Male,Designer,2
288,1182,Female,Teacher,2
848,1524,Female,Doctor,1
394,1966,Female,Developer,2
411,1179,Female,Developer,2
296,1290,Female,Developer,5
391,1913,Male,Artist,5
389,1284,Male,Lawyer,1
487,1970,Male,Designer,5
317,1049,Female,Lawyer,2
268,1960,Male,Scientist,5
653,1491,Female,Engineer,1
430,1550,Female,Artist,4
804,1468,Male,Engineer,2
757,1658,Female,Engineer,2
622,1926,Female,Designer,1
719,1018,Male,Scientist,1
865,1657,Female,Scientist,4
786,1596,Male,Manager,1
261,1048,Female,Manager,5
571,1223,Female,Teacher,2
11,1702,Female,Manager,1
625,1576,Male,Engineer,5
556,1693,Male,Artist,2
477,1121,Male,Lawyer,1
291,1859,Female,Teacher,2
190,1978,Male,Doctor,5
739,1915,Female,Lawyer,3
620,1659,Female,Lawyer,5
576,1383,Male,Doctor,1
503,1065,Male,Engineer,3
498,1762,Male,Lawyer,5
306,1555,Male,Lawyer,3
297,1288,Female,Doctor,4
26,1057,Female,Doctor,1
775,1622,Female,Doctor,3
76,1055,Male,Designer,3
390,1209,Male,Lawyer,5
388,1167,Male,Developer,4
43,1256,Male,Engineer,3
801,1784,Female,Teacher,2
252,1339,Female,Lawyer,1
108,1093,Female,Doctor,2
520,1196,Female,Doctor,2
726,1416,Female,Engineer,5
320,1335,Female,Engineer,3
590,1574,Male,Designer,2
922,1131,Male,Manager,5
655,1340,Female,Developer,2
680,1545,Female,Lawyer,1
615,1301,Female,Lawyer,1
524,1087,Male,Artist,1
159,1373,Male,Lawyer,4
886,1516,Male,Scientist,4
918,1703,Female,Developer,5
734,1319,Female,Doctor,5
725,1991,Female,Developer,4
836,1338,Female,Designer,2
943,1371,Female,Artist,1
167,1618,Male,Artist,2
741,1245,Female,Engineer,5
460,1020,Male,Lawyer,4
1000,1140,Male,Engineer,2
425,1416,Female,Designer,4
520,1800,Male,Designer,3
113,1342,Male,Teacher,2
301,1617,Male,Engineer,1
995,1446,Male,Doctor,4
58,1593,Female,Scientist,1
855,1893,Male,Scientist,5
917,1176,Female,Scientist,1
345,1130,Male,Doctor,3
530,1317,Female,Developer,1
801,1376,Female,Engineer,2
59,1189,Female,Developer,4
673,1857,Male,Designer,5
11,1050,Female,Teacher,4
844,1828,Female,Teacher,4
457,1182,Female,Developer,4
847,1969,Male,Artist,3
624,1134,Female,Artist,1
644,1525,Female,Teacher,1
532,1936,Male,Engineer,3
820,1038,Male,Manager,1
605,1659,Female,Engineer,4
758,1456,Male,Doctor,5
624,1499,Male,Artist,1
732,1025,Female,Developer,3
991,1398,Female,Teacher,1
97,1635,Male,Doctor,3
472,1781,Female,Designer,2
659,1973,Female,Designer,5
132,1941,Male,Engineer,2
23,1451,Male,Teacher,2
109,1666,Male,Scientist,1
633,1875,Male,Engineer,1
538,1814,Female,Teacher,2
852,1481,Male,Manager,4
502,1320,Female,Artist,3
513,2000,Male,Designer,4
181,1189,Male,Artist,1
149,1287,Male,Manager,2
2,1767,Female,Engineer,5
413,1956,Male,Designer,3
837,1395,Female,Teacher,5
862,1659,Male,Lawyer,2
320,1267,Female,Doctor,2
124,1447,Female,Engineer,3
630,1768,Male,Scientist,1
799,1969,Female,Developer,2
454,1829,Male,Developer,2
785,1865,Female,Lawyer,3
831,1411,Male,Lawyer,3
796,1492,Female,Engineer,2
245,1421,Male,Teacher,3
800,1503,Female,Artist,1
271,1915,Male,Lawyer,4
708,1591,Female,Artist,3
935,1636,Male,Lawyer,2
395,1466,Male,Designer,1
535,1741,Female,Teacher,3
97,1792,Male,Designer,5
760,1181,Female,Scientist,2
349,1079,Female,Designer,5
213,1159,Female,Teacher,4
376,1911,Male,Doctor,1
886,1875,Female,Manager,2
989,1837,Male,Engineer,2
682,1354,Male,Artist,1
51,1308,Male,Teacher,1
521,1194,Male,Doctor,2
961,1851,Female,Engineer,3
837,1483,Male,Doctor,1
830,1307,Female,Manager,1
82,1344,Male,Teacher,4
620,1072,Female,Scientist,4
352,1791,Male,Developer,1
889,1019,Female,Lawyer,5
803,1985,Female,Artist,1
184,1096,Female,Scientist,3
529,1475,Female,Teacher,2
858,1029,Female,Teacher,2
285,1588,Male,Designer,4
125,1106,Female,Lawyer,1
535,1921,Male,Lawyer,5
718,1267,Female,Manager,4
960,1247,Male,Manager,4
872,1317,Female,Designer,1
123,1709,Female,Artist,1
935,1546,Female,Teacher,5
811,1202,Male,Engineer,3
369,1779,Male,Artist,3
657,1365,Female,Doctor,1
785,1937,Female,Scientist,1
918,1918,Male,Scientist,3
465,1385,Male,Developer,5
760,1546,Female,Artist,1
268,1595,Male,Engineer,2
198,1529,Male,Developer,3
230,1610,Female,Teacher,4
468,1163,Male,Lawyer,1
695,1236,Female,Teacher,3
225,1813,Female,Designer,5
662,1924,Male,Doctor,3
962,1842,Female,Scientist,1
440,1073,Male,Engineer,3
408,1545,Female,Designer,4
525,1018,Female,Artist,1
475,1450,Female,Scientist,2
327,1551,Male,Doctor,1
763,1932,Male,Engineer,3
103,1397,Female,Artist,3
838,1022,Male,Manager,2
815,1692,Male,Lawyer,2
658,1655,Male,Manager,1
124,1455,Male,Doctor,3
518,1469,Male,Teacher,4
909,1537,Male,Teacher,1
881,1745,Female,Manager,4
301,1833,Female,Developer,4
33,1296,Female,Engineer,5
424,1944,Female,Scientist,4
602,1202,Male,Engineer,4
194,1134,Female,Manager,4
90,1949,Male,Designer,1
192,1087,Female,Scientist,4
77,1500,Male,Teacher,2
803,1314,Male,Artist,2
914,1302,Female,Engineer,2
115,1343,Male,Teacher,1
940,1132,Female,Doctor,1
370,1963,Male,Designer,5
460,1102,Female,Scientist,1
18,1641,Female,Scientist,2
225,1814,Male,Doctor,1
210,1928,Male,Lawyer,5
688,1524,Female,Artist,2
567,1513,Male,Developer,3
498,1002,Male,Doctor,1
326,1528,Female,Lawyer,4
996,1593,Male,Artist,1
936,1001,Female,Engineer,4
107,1601,Male,Scientist,3
143,1269,Female,Artist,1
849,1105,Female,Manager,4
37,1386,Female,Engineer,3
729,1900,Male,Scientist,5
341,1984,Female,Doctor,3
9,1098,Male,Manager,2
698,1503,Male,Manager,3
428,1376,Female,Manager,1
143,1683,Female,Developer,2
182,1308,Female,Artist,1
889,1602,Male,Doctor,4
324,1966,Female,Lawyer,3
995,1754,Female,Artist,5
82,1546,Male,Developer,1
416,1886,Male,Developer,3
774,1244,Male,Artist,2
211,1159,Female,Designer,4
464,1258,Female,Scientist,3
899,1810,Male,Scientist,4
905,1143,Female,Artist,1
21,1613,Female,Doctor,1
369,1145,Male,Lawyer,1
382,1592,Male,Doctor,1
773,1998,Male,Doctor,5
378,1960,Male,Engineer,3
981,1997,Male,Doctor,1
513,1021,Male,Teacher,3
485,1091,Male,Doctor,4
34,1234,Male,Manager,2
127,1420,Female,Artist,1
648,1548,Male,Doctor,5
196,1264,Female,Artist,2
7,1880,Female,Manager,2
489,1984,Male,Artist,4
229,1941,Female,Scientist,3
164,1909,Male,Doctor,2
759,1835,Male,Designer,4
854,1481,Female,Engineer,1
85,1393,Female,Lawyer,3
236,1080,Female,Designer,3
798,1268,Male,Teacher,5
27,1278,Female,Engineer,5
604,1091,Female,Artist,1
102,1796,Female,Doctor,3
211,1731,Female,Developer,2
765,1786,Female,Designer,4
438,1101,Male,Scientist,3
967,1459,Female,Manager,1
855,1017,Female,Artist,3
709,1999,Male,Doctor,5
950,1926,Male,Lawyer,1
931,1465,Male,Teacher,2
153,1404,Male,Teacher,5
149,1257,Male,Manager,4
52,1585,Male,Teacher,2
654,1731,Female,Designer,4
620,1550,Female,Manager,1
876,1229,Female,Designer,1
885,1675,Male,Artist,2
39,1629,Female,Manager,3
977,1509,Male,Teacher,2
131,1689,Male,Lawyer,2
150,1674,Male,Lawyer,4
375,1784,Male,Scientist,4
732,1681,Male,Manager,2
219,1313,Female,Designer,1
826,1712,Female,Artist,3
528,1334,Female,Doctor,5
680,1488,Female,Lawyer,2
249,1075,Female,Teacher,1
354,1322,Female,Manager,2
678,1833,Male,Artist,1
863,1128,Female,Artist,5
668,1966,Female,Developer,4
679,1603,Female,Developer,4
281,1731,Female,Teacher,3
649,1845,Female,Manager,1
502,1308,Female,Doctor,2
20,1078,Male,Scientist,3
998,1640,Male,Manager,4
971,1501,Male,Lawyer,5
45,1739,Female,Doctor,2
835,1203,Female,Engineer,1
831,1541,Male,Manager,3
404,1404,Female,Developer,2
101,1550,Female,Designer,4
471,1807,Male,Scientist,3
351,1688,Male,Developer,5
490,1244,Female,Manager,3
471,1824,Male,Doctor,1
408,1447,Female,Lawyer,3
648,1506,Female,Artist,3
861,1251,Female,Designer,3
133,1041,Female,Designer,2
87,1703,Male,Developer,1
456,1669,Male,Manager,4
593,1333,Male,Designer,4
134,1317,Female,Lawyer,1
159,1976,Female,Artist,5
277,1276,Female,Doctor,2
157,1293,Female,Doctor,2
748,1478,Male,Teacher,1
296,1220,Male,Engineer,3
57,1089,Male,Manager,1
470,1570,Male,Doctor,3
955,1948,Male,Engineer,5
332,1879,Male,Developer,4
322,1130,Female,Developer,1
522,1817,Male,Designer,3
969,1772,Male,Manager,3
199,1964,Male,Developer,2
627,1793,Female,Manager,3
336,1888,Male,Scientist,4
144,1169,Female,Developer,5
978,1087,Female,Developer,4
157,1490,Male,Doctor,4
152,1138,Male,Designer,4
820,1661,Male,Scientist,3
61,1619,Female,Artist,4
50,1747,Female,Developer,2
542,1414,Male,Scientist,1
776,1455,Male,Developer,1
587,1484,Female,Manager,1
695,1414,Male,Designer,3
795,1008,Female,Lawyer,3
519,1567,Male,Designer,5
270,1968,Female,Lawyer,3
833,1646,Female,Scientist,2
576,1399,Female,Engineer,2
192,1423,Female,Lawyer,5
400,1687,Male,Developer,5
812,1574,Male,Doctor,1
820,1647,Male,Designer,2
886,1781,Male,Teacher,1
608,1884,Male,Scientist,2
325,1394,Male,Scientist,2
63,1508,Male,Designer,5
135,1227,Female,Scientist,3
446,2000,Male,Teacher,1
768,1114,Female,Lawyer,1
924,1135,Female,Designer,5
547,1187,Male,Lawyer,4
425,1028,Female,Engineer,1
17,1192,Female,Lawyer,2
697,1464,Female,Lawyer,5
669,1498,Male,Engineer,1
933,1323,Male,Developer,1
79,1938,Male,Engineer,1
899,1452,Female,Developer,2
941,1829,Male,Teacher,1
190,1331,Male,Developer,5
176,1760,Female,Manager,2
2,1912,Male,Doctor,4
75,1942,Male,Doctor,1
884,1573,Female,Manager,2
115,1163,Female,Scientist,2
866,1103,Female,Teacher,2
827,1684,Male,Artist,1
905,1218,Male,Artist,4
144,1117,Male,Manager,1
578,1829,Male,Scientist,3
329,1732,Female,Engineer,5
230,1845,Female,Designer,1
837,1652,Female,Doctor,4
561,1320,Female,Artist,4
244,1046,Male,Scientist,5
81,1680,Female,Lawyer,1
879,1531,Female,Doctor,5
979,1080,Female,Teacher,5
806,1365,Female,Teacher,2
94,1075,Male,Lawyer,5
837,1757,Female,Developer,5
261,1917,Male,Artist,1
281,1982,Male,Scientist,5
369,1632,Male,Designer,5
450,1610,Female,Designer,4
262,1663,Female,Lawyer,1
478,1594,Female,Designer,3
157,1412,Male,Manager,3
582,1836,Female,Artist,3
378,1318,Female,Manager,1
297,1601,Female,Scientist,4
985,1285,Female,Designer,3
889,1657,Female,Doctor,2
377,1313,Female,Manager,5
337,1821,Female,Scientist,4
399,1097,Female,Doctor,5
50,1698,Male,Scientist,1
723,1029,Female,Scientist,1
878,1891,Female,Developer,3
897,1500,Female,Scientist,2
535,1920,Female,Scientist,2
471,1404,Female,Artist,4
398,1856,Male,Lawyer,3
886,1675,Male,Designer,3
586,1635,Male,Artist,2
98,1147,Female,Artist,3
131,1712,Female,Lawyer,4
22,1570,Male,Designer,2
737,1427,Female,Lawyer,5
39,1552,Male,Developer,1
11,1703,Female,Developer,2
268,1609,Female,Artist,3
813,1737,Female,Designer,5
37,1841,Female,Engineer,5
609,1592,Male,Manager,1
80,1419,Female,Engineer,4
16,1608,Female,Artist,4
783,1558,Male,Scientist,2
432,1131,Male,Teacher,3
155,1509,Female,Designer,5
519,1030,Female,Developer,1
547,1450,Female,Doctor,3
191,1467,Male,Manager,1
476,1810,Female,Designer,5
840,1438,Male,Developer,3
124,1113,Male,Artist,2
398,1551,Male,Artist,3
280,1294,Male,Teacher,4
330,1738,Female,Scientist,3
604,1957,Female,Designer,5
511,1595,Female,Lawyer,5
917,1872,Male,Engineer,5
125,1190,Female,Manager,5
757,1978,Male,Engineer,3
694,1523,Male,Designer,3
743,1686,Female,Teacher,1
874,1151,Female,Artist,5
358,1657,Male,Artist,1
911,1731,Male,Designer,3
951,1893,Female,Artist,3
242,1465,Male,Lawyer,1
834,1124,Female,Lawyer,2
173,1042,Male,Manager,1
862,1963,Male,Artist,4
508,1356,Female,Developer,2
167,1569,Female,Teacher,5
556,1622,Male,Doctor,3
536,1013,Female,Teacher,3
862,1957,Male,Manager,5
97,1640,Male,Developer,3
7,1540,Female,Doctor,2
58,1057,Female,Scientist,2
429,1941,Female,Artist,3
538,1089,Male,Artist,5
466,1010,Female,Doctor,3
354,1832,Male,Scientist,5
942,1542,Female,Developer,2
923,1318,Female,Developer,3
246,1171,Male,Lawyer,5
806,1692,Female,Engineer,5
470,1830,Female,Lawyer,5
120,1551,Male,Lawyer,2
914,1960,Male,Doctor,2
332,1669,Male,Scientist,5
237,1200,Male,Scientist,5
728,1686,Male,Artist,2
160,1755,Female,Developer,3
36,1338,Female,Engineer,5
380,1154,Female,Artist,5
995,1411,Male,Scientist,3
3,1136,Female,Designer,5
219,1358,Male,Developer,3
134,1275,Male,Lawyer,1
629,1614,Male,Developer,1
434,1768,Male,Scientist,3
522,1151,Male,Engineer,5
984,1177,Male,Lawyer,4
638,1468,Male,Artist,4
956,1501,Female,Designer,4
227,1742,Female,Engineer,1
459,1714,Male,Designer,4
671,1184,Male,Developer,4
838,1319,Male,Doctor,4
413,1962,Male,Teacher,4
275,1833,Male,Designer,4
184,1572,Female,Teacher,2
979,1758,Female,Lawyer,5
796,1294,Female,Lawyer,3
945,1225,Female,Engineer,1
238,1080,Male,Scientist,3
557,1943,Female,Artist,2
713,2000,Male,Lawyer,1
557,1583,Male,Lawyer,5
74,1585,Male,Artist,5
755,1240,Male,Artist,1
505,1157,Male,Doctor,4
377,1036,Female,Lawyer,1
564,1813,Male,Artist,2
505,1657,Male,Teacher,3
64,1814,Female,Artist,2
525,1413,Male,Teacher,5
995,1508,Male,Scientist,1
557,1205,Male,Engineer,4
60,1061,Male,Doctor,5
389,1502,Female,Developer,4
365,1695,Male,Engineer,2
635,1718,Male,Doctor,3
267,1391,Female,Manager,2
614,1173,Female,Teacher,1
636,1400,Male,Doctor,1
466,1916,Female,Lawyer,3
124,1771,Female,Teacher,5
680,1282,Male,Developer,5
248,1381,Female,Manager,5
353,1613,Female,Doctor,3
53,1624,Female,Scientist,5
695,1343,Male,Developer,2
168,1004,Female,Lawyer,4
198,1972,Female,Artist,5
965,1965,Male,Developer,1
441,1280,Female,Manager,5
407,1550,Male,Doctor,3
934,1804,Male,Designer,3
489,1697,Male,Developer,2
545,1965,Male,Lawyer,5
489,1046,Female,Scientist,3
604,1597,Female,Artist,1
329,1663,Female,Doctor,4
647,1848,Female,Developer,5
432,1222,Female,Doctor,5
419,1028,Male,Doctor,2
143,1536,Male,Teacher,1
979,1137,Female,Artist,5
296,1708,Female,Doctor,5
317,1390,Female,Doctor,2
25,1585,Male,Artist,5
875,1428,Female,Teacher,2
441,1467,Female,Lawyer,5
839,1946,Female,Lawyer,2
486,1381,Male,Developer,1
828,1931,Female,Engineer,4
433,1025,Female,Engineer,2
720,1475,Male,Lawyer,5
785,1456,Female,Scientist,1
402,1793,Male,Artist,1
515,1146,Male,Lawyer,4
54,1752,Male,Developer,4
277,1824,Female,Developer,1
705,1553,Female,Developer,4
981,1316,Male,Manager,4
678,1161,Male,Developer,4
948,1526,Male,Engineer,1
875,1261,Female,Engineer,4
474,1107,Female,Manager,1
71,1966,Male,Engineer,5
21,1083,Female,Manager,2
879,1153,Male,Engineer,1
875,1616,Female,Engineer,2
591,1157,Male,Developer,2
122,1144,Male,Developer,5
816,1219,Male,Engineer,1
435,1482,Female,Engineer,5
529,1419,Male,Doctor,4
727,1280,Male,Designer,1
261,1634,Male,Lawyer,2
494,1754,Male,Manager,5
539,1015,Male,Scientist,3
622,1791,Male,Doctor,1
461,1844,Female,Doctor,1
821,1952,Female,Lawyer,5
870,1245,Male,Teacher,4
629,1615,Male,Scientist,5
303,1510,Male,Designer,2
63,1044,Female,Manager,1
100,1287,Female,Designer,2
850,1923,Male,Doctor,3
792,1701,Female,Doctor,2
785,1859,Female,Doctor,4
128,1825,Male,Manager,5
148,1758,Female,Scientist,5
169,1369,Female,Designer,2
613,1221,Male,Designer,4
49,1082,Female,Engineer,2
526,1038,Female,Doctor,4
417,1876,Female,Artist,1
20,1363,Male,Doctor,3
239,1966,Male,Doctor,4
351,1779,Male,Scientist,1
353,1400,Female,Engineer,1
267,1124,Male,Manager,3
96,1787,Male,Manager,2
774,1815,Male,Teacher,1
530,1587,Male,Developer,1
20,1343,Male,Lawyer,4
280,1399,Female,Lawyer,1
860,1281,Female,Developer,5
944,1936,Male,Manager,2
632,1269,Male,Designer,4
922,1667,Male,Engineer,5
199,1809,Male,Manager,1
604,1645,Female,Engineer,4
737,1841,Female,Lawyer,5
984,1242,Male,Scientist,2
103,1624,Male,Artist,5
441,1695,Male,Teacher,4
365,1622,Female,Teacher,3
353,1096,Female,Lawyer,2
297,1193,Female,Engineer,5
900,1190,Female,Artist,2
968,1971,Male,Developer,3
138,1556,Female,Manager,3
106,1447,Male,Teacher,2
924,1286,Female,Artist,3
991,1411,Male,Engineer,4
338,1035,Female,Lawyer,2
652,1923,Male,Designer,2
229,1906,Female,Designer,1
740,1843,Male,Scientist,4
231,1657,Female,Lawyer,3
76,1375,Female,Artist,4
466,1065,Male,Scientist,5
680,1494,Female,Engineer,1
728,1756,Female,Engineer,1
119,1784,Female,Teacher,1
933,1447,Female,Manager,4
248,1224,Male,Engineer,4
264,1750,Male,Artist,1
178,1368,Female,Lawyer,5
129,1449,Female,Scientist,5
122,1796,Female,Manager,2
98,1004,Male,Manager,5
876,1944,Male,Teacher,5
175,1045,Male,Developer,1
721,1225,Male,Manager,4
206,1361,Male,Artist,1
906,1616,Female,Engineer,2
62,1366,Female,Engineer,4
865,1187,Female,Designer,4
892,1303,Female,Lawyer,3
947,1307,Male,Doctor,4
793,1734,Female,Artist,3
206,1020,Male,Doctor,3
970,1400,Female,Developer,5
159,1681,Male,Lawyer,3
407,1233,Male,Engineer,5
27,1195,Male,Teacher,1
951,1768,Male,Teacher,1
992,1949,Male,Developer,4
60,1512,Male,Teacher,4
769,1080,Male,Teacher,4
829,1487,Female,Lawyer,1
898,1269,Male,Doctor,2
879,1234,Male,Teacher,2
145,1253,Male,Engineer,1
34,1090,Female,Engineer,5
700,1100,Female,Manager,5
76,1610,Female,Teacher,5
735,1032,Female,Artist,1
619,1096,Female,Designer,1
148,1624,Female,Doctor,3
531,1538,Female,Doctor,4
811,1090,Male,Developer,2
731,1846,Female,Designer,5
881,1182,Female,Developer,5
678,1596,Female,Lawyer,3
909,1015,Female,Designer,2
758,1947,Female,Developer,2
749,1555,Male,Lawyer,1
285,1258,Male,Scientist,4
102,1009,Male,Developer,2
105,1597,Male,Artist,1
492,1689,Female,Designer,5
480,1456,Female,Engineer,3
692,1303,Female,Artist,5
2,1617,Male,Doctor,2
379,1902,Female,Doctor,1
417,1691,Female,Engineer,1
573,1010,Female,Engineer,3
615,1978,Male,Artist,1
715,1399,Female,Artist,1
120,1397,Male,Lawyer,1
421,1042,Male,Developer,2
658,1317,Female,Doctor,2
942,1678,Female,Doctor,1
885,1934,Female,Developer,2
992,1313,Male,Developer,1
846,1437,Male,Manager,2
643,1060,Male,Designer,2
528,1714,Female,Designer,2
193,1737,Female,Artist,5
405,1375,Male,Engineer,1
767,1951,Female,Scientist,2
158,1338,Female,Developer,1
990,1169,Female,Designer,3
968,1179,Female,Artist,3
807,1409,Female,Engineer,2
408,1545,Male,Teacher,1
676,1590,Male,Scientist,3
12,1166,Male,Artist,2
780,1997,Male,Artist,1
251,1025,Female,Developer,4
503,1377,Female,Teacher,2
473,1894,Female,Doctor,1
28,1637,Female,Doctor,2
937,1898,Male,Scientist,1
553,1957,Female,Engineer,2
597,1504,Male,Developer,2
62,1739,Female,Scientist,5
651,1136,Female,Developer,1
739,1317,Male,Manager,1
946,1516,Female,Teacher,1
930,1733,Female,Artist,5
307,1766,Female,Engineer,4
905,1488,Female,Artist,5
655,1670,Male,Scientist,3
612,1044,Female,Engineer,5
134,1041,Female,Doctor,4
768,1073,Female,Lawyer,4
887,1867,Male,Lawyer,1
494,1351,Female,Manager,4
345,1265,Female,Artist,2
848,1422,Male,Developer,5
895,1656,Female,Designer,3
658,1502,Male,Doctor,2
82,1909,Male,Designer,5
618,1850,Female,Engineer,3
841,1851,Female,Doctor,5
396,1082,Male,Teacher,3
723,1549,Female,Doctor,4
234,1308,Male,Doctor,5
490,1307,Female,Lawyer,4
555,1865,Male,Artist,1
292,1193,Female,Doctor,4
969,1065,Male,Artist,5
294,1199,Male,Engineer,3
361,1970,Male,Lawyer,2
337,1640,Male,Engineer,2
418,1767,Male,Manager,4
365,1044,Female,Scientist,4
785,1895,Male,Artist,2
969,1044,Male,Developer,4
15,1101,Female,Artist,3
658,1761,Female,Artist,1
753,1077,Male,Lawyer,1
608,1437,Female,Manager,3
209,1129,Male,Teacher,4
564,1609,Male,Doctor,2
501,1340,Female,Artist,5
932,1504,Male,Manager,5
566,1972,Female,Manager,2
825,1903,Male,Engineer,5
481,1098,Male,Doctor,5
366,1023,Male,Scientist,2
303,1408,Female,Engineer,2
568,1108,Male,Manager,5
264,1778,Male,Engineer,2
424,1279,Female,Lawyer,3
485,1348,Male,Developer,4
429,1329,Female,Engineer,1
22,1899,Male,Teacher,5
73,1888,Female,Designer,3
309,1040,Male,Engineer,4
635,1950,Male,Manager,1
147,1408,Male,Teacher,5
861,1145,Male,Engineer,4
780,1432,Female,Lawyer,4
274,1780,Female,Developer,3
267,1725,Male,Doctor,5
318,1925,Male,Teacher,5
663,1401,Male,Manager,2
371,1290,Male,Engineer,1
495,1011,Female,Designer,1
175,1412,Male,Engineer,2
579,1598,Female,Developer,3
100,1637,Female,Developer,5
977,1298,Female,Designer,1
383,1048,Male,Teacher,4
165,1640,Female,Lawyer,2
798,1545,Female,Manager,2
701,1628,Female,Manager,5
42,1441,Female,Manager,1
550,1479,Female,Artist,1
785,1709,Female,Doctor,4
778,1126,Male,Designer,5
755,1533,Female,Lawyer,4
439,1566,Male,Designer,5
711,1720,Male,Designer,3
772,1086,Female,Lawyer,4
201,1224,Male,Designer,1
445,1740,Female,Scientist,2
161,1839,Female,Manager,4
182,1546,Male,Developer,4
795,1400,Male,Designer,4
240,1080,Female,Manager,4
504,1508,Female,Artist,1
332,1077,Male,Manager,2
863,1241,Male,Teacher,5
372,1397,Male,Artist,1
336,1904,Female,Developer,5
310,1751,Female,Doctor,5
261,1807,Male,Artist,1
765,1831,Male,Developer,4
527,1970,Female,Scientist,1
707,1810,Male,Lawyer,1
772,1461,Female,Lawyer,4
485,1696,Male,Doctor,2
91,1971,Female,Designer,4
740,1703,Female,Developer,5
111,1048,Female,Lawyer,2
370,1950,Female,Doctor,3
278,1692,Male,Doctor,5
17,1390,Male,Scientist,3
125,1655,Male,Developer,4
903,1655,Male,Scientist,3
940,1639,Male,Scientist,2
123,1052,Female,Teacher,5
449,1298,Male,Lawyer,4
805,1013,Male,Artist,3
30,1533,Female,Manager,5
659,1537,Male,Manager,3
34,1835,Male,Scientist,2
791,1811,Female,Developer,4
483,1947,Male,Engineer,3
861,1579,Female,Teacher,3
737,1773,Male,Lawyer,5
380,1023,Female,Doctor,3
501,1290,Female,Scientist,3
774,1580,Male,Teacher,2
370,1851,Male,Manager,5
477,1008,Female,Manager,4
227,1557,Female,Engineer,2
277,1502,Female,Designer,4
955,1071,Male,Designer,5
108,1105,Male,Developer,1
503,1099,Female,Engineer,2
642,1595,Male,Teacher,3
175,1675,Male,Doctor,5
617,1200,Female,Scientist,3
737,1601,Female,Artist,1
651,1522,Female,Scientist,2
805,1508,Female,Scientist,2
976,1611,Female,Engineer,4
38,1530,Female,Designer,5
352,1680,Male,Designer,2
367,1340,Female,Developer,5
937,1465,Male,Lawyer,5
868,1554,Female,Developer,2
941,1343,Female,Doctor,3
726,1273,Female,Manager,1
863,1018,Male,Lawyer,3
541,1838,Male,Teacher,3
841,1511,Male,Developer,3
231,1656,Female,Teacher,4
229,1856,Male,Developer,2
463,1461,Male,Doctor,4
536,1548,Male,Lawyer,4
635,1612,Female,Lawyer,2
652,1824,Male,Designer,3
816,1326,Male,Lawyer,4
469,1483,Female,Developer,2
714,1022,Female,Developer,2
511,1819,Female,Artist,4
295,1056,Male,Lawyer,2
702,1949,Male,Doctor,4
887,1400,Female,Artist,4
60,1634,Male,Scientist,5
424,1636,Female,Manager,2
91,1406,Male,Manager,2
719,1665,Male,Designer,2
228,1626,Male,Teacher,5
425,1863,Female,Developer,1
415,1465,Female,Artist,3
378,1603,Male,Developer,2
820,1569,Female,Designer,3
769,1823,Male,Doctor,1
78,1528,Female,Doctor,4
909,1768,Female,Teacher,2
49,1195,Female,Developer,1
65,1280,Female,Engineer,3
320,1546,Male,Teacher,3
922,1865,Male,Scientist,5
834,1469,Male,Designer,5
148,1780,Female,Teacher,2
928,1809,Female,Designer,5
277,1169,Female,Artist,1
761,1414,Female,Engineer,5
270,1363,Female,Teacher,2
794,1408,Female,Doctor,1
173,1709,Male,Engineer,4
899,1446,Male,Developer,5
703,1229,Male,Teacher,4
369,1328,Female,Developer,5
434,1366,Male,Lawyer,3
564,1122,Male,Manager,4
312,1977,Male,Developer,3
579,1002,Female,Engineer,2
303,1702,Male,Lawyer,3
331,1445,Female,Designer,1
625,1347,Female,Doctor,5
695,1468,Female,Engineer,1
371,1496,Female,Developer,2
706,1688,Female,Manager,1
729,1619,Female,Teacher,3
466,1345,Male,Lawyer,2
246,1938,Female,Artist,3
665,1367,Female,Scientist,1
340,1965,Male,Designer,2
282,1331,Male,Scientist,4
390,1885,Male,Manager,3
330,1526,Male,Engineer,1
377,1218,Male,Scientist,1
423,1109,Male,Artist,5
435,1068,Female,Designer,1
475,1668,Female,Artist,1
716,1521,Male,Developer,5
95,1167,Female,Lawyer,3
36,1591,Female,Lawyer,1
850,1759,Female,Teacher,5
839,1471,Male,Artist,2
924,1620,Female,Engineer,4
239,1802,Female,Engineer,1
448,1865,Female,Developer,3
856,1077,Female,Scientist,1
628,1315,Female,Designer,1
933,1855,Male,Engineer,3
906,1444,Female,Designer,2
162,1424,Female,Lawyer,3
277,1392,Male,Scientist,3
512,1588,Female,Scientist,1
695,1053,Female,Lawyer,3
651,1287,Female,Artist,5
581,1501,Male,Designer,3
33,1161,Male,Engineer,2
319,1818,Male,Manager,2
171,1240,Female,Designer,5
802,1541,Male,Artist,2
76,1105,Male,Doctor,4
837,1525,Male,Developer,3
886,1217,Male,Doctor,4
469,1975,Male,Doctor,2
395,1655,Female,Designer,4
497,1995,Male,Artist,3
541,1889,Female,Teacher,2
331,1854,Female,Engineer,2
59,1876,Female,Developer,1
920,1693,Female,Doctor,5
261,1831,Female,Lawyer,2
49,1838,Male,Teacher,2
418,1856,Male,Engineer,5
12,1870,Male,Manager,2
786,1272,Male,Manager,1
257,1956,Male,Developer,2
239,1878,Male,Artist,2
13,1893,Male,Engineer,2
655,1600,Male,Engineer,2
500,1085,Male,Artist,2
986,1775,Male,Developer,5
691,1170,Male,Engineer,5
503,1131,Male,Manager,4
971,1032,Female,Doctor,4
657,1314,Female,Designer,1
905,1279,Male,Artist,3
270,1001,Female,Artist,4
922,1422,Female,Manager,1
951,1550,Female,Engineer,4
202,1852,Female,Developer,4
759,1986,Male,Designer,3
308,1919,Male,Lawyer,4
896,1692,Male,Lawyer,3
891,1085,Female,Scientist,4
552,1034,Female,Teacher,4
903,1241,Male,Engineer,4
225,1507,Male,Teacher,2
119,1896,Male,Scientist,3
285,1780,Male,Manager,2
486,1505,Male,Teacher,4
357,1128,Female,Designer,1
72,1368,Female,Developer,2
978,1947,Female,Lawyer,2
989,1822,Female,Engineer,3
367,1372,Female,Manager,2
475,1386,Male,Engineer,1
523,1150,Male,Teacher,4
376,1496,Female,Artist,2
771,1921,Female,Manager,4
572,1888,Female,Manager,1
977,1898,Male,Artist,2
598,1238,Female,Artist,4
610,1675,Female,Teacher,4
596,1696,Male,Scientist,1
37,1165,Female,Manager,2
853,1589,Female,Lawyer,1
927,1226,Male,Manager,2
623,1356,Female,Engineer,5
108,1899,Male,Doctor,3
453,1373,Male,Developer,2
726,1337,Male,Engineer,3
256,1804,Female,Lawyer,5
848,1656,Male,Designer,5
815,1069,Female,Designer,1
181,1362,Female,Engineer,1
493,1461,Female,Teacher,5
765,1618,Female,Designer,2
712,1902,Female,Lawyer,1
139,1757,Female,Doctor,2
497,1776,Female,Lawyer,2
577,1204,Male,Manager,5
438,1157,Female,Artist,5
113,1081,Male,Artist,3
882,1243,Female,Teacher,3
191,1923,Male,Designer,2
910,1424,Male,Manager,4
328,1087,Female,Scientist,3
768,1643,Male,Lawyer,5
131,1768,Female,Lawyer,2
824,1294,Male,Engineer,3
688,1965,Female,Teacher,4
556,1010,Female,Engineer,5
517,1973,Female,Designer,5
912,1580,Male,Engineer,1
585,1117,Male,Manager,1
113,1483,Female,Lawyer,3
537,1180,Female,Artist,1
55,1588,Male,Scientist,3
518,1615,Male,Manager,5
17,1775,Female,Scientist,4
909,1386,Male,Designer,3
666,1685,Female,Lawyer,2
758,1143,Male,Teacher,5
932,1792,Female,Designer,1
481,1170,Male,Engineer,4
632,1111,Male,Lawyer,5
406,1156,Male,Developer,4
877,1340,Female,Engineer,1
7,1496,Female,Engineer,1
490,1153,Male,Designer,1
444,1464,Female,Manager,4
489,1933,Male,Doctor,2
606,1078,Male,Doctor,2
515,1967,Female,Teacher,4
230,1600,Male,Designer,3
533,1559,Female,Designer,3
99,1146,Female,Teacher,1
31,1541,Female,Engineer,3
23,1258,Male,Lawyer,5
862,1146,Male,Teacher,4
386,1761,Male,Doctor,1
540,1505,Male,Engineer,4
532,1562,Male,Developer,1
644,1138,Male,Scientist,3
48,1212,Female,Developer,2
245,1916,Male,Lawyer,4
598,1359,Female,Engineer,3
533,1235,Male,Teacher,3
195,1727,Female,Doctor,3
618,1039,Female,Developer,1
28,1823,Female,Doctor,1
684,1507,Male,Artist,1
230,1208,Female,Engineer,4
406,1671,Male,Engineer,5
615,1563,Male,Scientist,2
856,1761,Female,Lawyer,2
723,1279,Male,Manager,1
91,1919,Female,Scientist,4
268,1379,Female,Scientist,2
284,1129,Male,Manager,2
946,1489,Male,Developer,1
869,1337,Male,Scientist,4
671,1220,Female,Lawyer,2
587,1277,Male,Lawyer,4
137,1374,Male,Lawyer,1
964,1823,Female,Doctor,5
542,1979,Female,Teacher,1
624,1870,Female,Teacher,3
495,1612,Female,Designer,1
827,1231,Female,Manager,2
493,1158,Male,Doctor,2
947,1412,Female,Engineer,5
748,1290,Female,Manager,2
533,1901,Female,Doctor,3
350,1811,Male,Manager,4
596,1610,Female,Artist,1
655,1255,Male,Manager,2
246,1427,Female,Doctor,2
401,1147,Female,Developer,1
451,1815,Female,Teacher,1
669,1882,Male,Teacher,3
518,1562,Male,Artist,3
717,1971,Male,Teacher,1
354,1329,Female,Manager,2
535,1837,Female,Designer,2
949,1683,Female,Scientist,1
157,1475,Male,Doctor,3
928,1281,Male,Doctor,5
502,1061,Female,Designer,2
367,1093,Male,Scientist,3
62,1407,Male,Artist,3
435,1266,Male,Lawyer,1
917,1802,Male,Teacher,4
51,1727,Female,Artist,3
242,1436,Female,Scientist,4
735,1541,Male,Teacher,4
336,1291,Female,Designer,4
824,1592,Female,Developer,4
370,1773,Male,Doctor,2
97,1690,Female,Teacher,3
722,1630,Male,Doctor,2
957,1979,Female,Scientist,4
125,1395,Female,Teacher,5
328,1271,Male,Artist,2
679,1876,Female,Scientist,4
122,1319,Male,Teacher,5
873,1759,Male,Engineer,1
189,1405,Female,Designer,2
468,1015,Female,Manager,5
720,1267,Male,Teacher,2
630,1766,Female,Manager,3
134,1789,Male,Developer,5
698,1472,Female,Lawyer,2
452,1545,Female,Artist,1
696,1385,Female,Designer,5
767,1480,Male,Teacher,2
853,1465,Male,Artist,1
14,1656,Male,Lawyer,2
406,1487,Female,Designer,2
564,1373,Female,Artist,2
391,1449,Male,Doctor,1
299,1044,Female,Manager,5
880,1545,Female,Engineer,3
284,1398,Female,Designer,5
447,1677,Female,Manager,3
733,1094,Male,Doctor,5
528,1560,Male,Manager,3
940,1751,Female,Doctor,1
97,1133,Male,Designer,1
263,1041,Female,Teacher,2
196,1081,Male,Manager,1
972,1961,Female,Scientist,5
193,1534,Female,Designer,4
75,1741,Female,Engineer,3
293,1495,Male,Doctor,2
488,1611,Male,Lawyer,2
36,1712,Female,Lawyer,1
697,1851,Female,Teacher,4
167,1926,Female,Designer,4
181,1177,Female,Engineer,1
923,1927,Male,Lawyer,3
724,1031,Female,Manager,2
421,1917,Male,Doctor,2
452,1131,Female,Lawyer,4
119,1707,Male,Doctor,5
558,1619,Female,Artist,5
38,1928,Male,Designer,4
571,1859,Male,Manager,5
596,1741,Female,Artist,1
211,1981,Male,Manager,4
354,1256,Female,Teacher,3
608,1459,Female,Scientist,3
49,1473,Female,Artist,3
152,1718,Male,Artist,2
703,1642,Male,Designer,3
12,1295,Female,Lawyer,1
261,1458,Female,Manager,1
380,1606,Female,Designer,3
740,1607,Male,Engineer,3
551,1822,Male,Manager,2
793,1375,Male,Teacher,5
358,1524,Female,Teacher,2
750,1099,Male,Artist,2
176,1840,Female,Artist,2
356,1055,Male,Designer,1
595,1072,Female,Doctor,1
720,1515,Female,Artist,4
225,1322,Female,Developer,1
509,1001,Female,Artist,5
314,1787,Female,Manager,2
456,1726,Female,Designer,3
902,1911,Female,Scientist,5
63,1727,Female,Doctor,5
974,1878,Male,Developer,5
900,1862,Male,Scientist,5
334,1177,Female,Doctor,2
642,1099,Male,Developer,5
228,1988,Male,Teacher,4
354,1475,Male,Lawyer,3
449,1776,Female,Engineer,4
113,1793,Male,Doctor,3
625,1536,Male,Artist,2
838,1052,Male,Designer,2
942,1666,Male,Teacher,1
574,1248,Female,Doctor,5
843,1959,Male,Engineer,4
723,1766,Male,Developer,4
427,1535,Female,Lawyer,4
590,1234,Male,Artist,2
136,1523,Male,Engineer,1
889,1363,Female,Engineer,5
211,1834,Male,Manager,4
501,1787,Male,Engineer,2
108,1923,Male,Scientist,2
113,1662,Male,Engineer,2
845,1897,Female,Artist,5
943,1975,Male,Lawyer,2
697,1193,Female,Scientist,3
166,1165,Female,Doctor,5
899,1367,Female,Developer,2
674,1095,Male,Artist,2
353,1362,Male,Doctor,1
651,1677,Male,Developer,5
569,1164,Female,Designer,4
755,1260,Male,Manager,5
352,1353,Male,Teacher,3
870,1704,Female,Teacher,1
311,1405,Female,Artist,2
317,1960,Male,Engineer,5
208,1260,Female,Scientist,5
435,1820,Male,Engineer,2
300,1256,Male,Lawyer,3
234,1735,Female,Designer,4
614,1269,Male,Artist,1
755,1062,Female,Artist,2
622,1737,Male,Developer,2
617,1028,Female,Developer,3
934,1060,Female,Lawyer,4
103,1160,Female,Teacher,4
352,1703,Female,Teacher,4
105,1976,Female,Teacher,4
304,1604,Male,Engineer,1
145,1654,Female,Scientist,1
648,1179,Female,Developer,4
523,1820,Male,Scientist,2
595,1569,Male,Designer,5
923,1741,Male,Teacher,2
272,1113,Male,Designer,4
950,1918,Female,Lawyer,5
581,1207,Male,Teacher,1
811,1923,Female,Teacher,3
836,1925,Female,Designer,4
273,1481,Female,Manager,1
241,1564,Male,Engineer,2
774,1003,Female,Doctor,2
951,1168,Male,Lawyer,2
651,1287,Female,Teacher,5
823,1519,Male,Scientist,1
685,1623,Female,Doctor,2
349,1381,Male,Engineer,1
371,1113,Female,Doctor,4
289,1231,Male,Developer,2
126,1093,Female,Teacher,5
112,1145,Male,Artist,1
856,1654,Female,Designer,2
885,1668,Male,Manager,4
358,1125,Male,Lawyer,1
683,1676,Male,Lawyer,5
261,1456,Female,Scientist,1
275,1767,Male,Engineer,2
103,1845,Male,Lawyer,3
757,1223,Male,Developer,5
203,1776,Male,Artist,4
942,1680,Female,Scientist,1
845,1034,Female,Doctor,3
438,1896,Male,Doctor,2
715,1641,Female,Lawyer,3
570,1707,Male,Doctor,4
556,1573,Female,Manager,1
531,1006,Female,Designer,3
759,1598,Male,Manager,5
693,1732,Male,Engineer,2
513,1555,Male,Doctor,2
274,1675,Male,Artist,5
111,1879,Male,Artist,4
991,1341,Male,Lawyer,2
728,1181,Male,Scientist,3
358,1732,Male,Engineer,2
348,1926,Male,Scientist,3
873,1401,Male,Engineer,4
369,1741,Male,Artist,1
275,1529,Male,Designer,5
403,1727,Female,Teacher,4
251,1600,Male,Engineer,3
118,1596,Male,Developer,5
197,1380,Male,Scientist,1
19,1661,Female,Manager,4
715,1707,Male,Developer,4
38,1193,Male,Developer,2
863,1822,Female,Designer,2
79,1901,Female,Lawyer,4
45,1305,Female,Teacher,5
18,1025,Female,Scientist,3
501,1309,Male,Engineer,4
818,1660,Male,Lawyer,3
335,1100,Female,Engineer,4
691,1358,Male,Developer,1
997,1215,Female,Lawyer,3
936,1541,Female,Designer,2
340,1317,Female,Engineer,3
141,1125,Male,Lawyer,2
257,1103,Female,Developer,1
37,1491,Female,Engineer,1
255,1109,Female,Doctor,3
188,1308,Male,Designer,1
619,1064,Male,Designer,1
165,1668,Male,Manager,5
589,1801,Female,Lawyer,1
394,1584,Female,Engineer,2
869,1938,Female,Lawyer,2
201,1782,Male,Artist,1
328,1296,Male,Designer,2
611,1322,Female,Engineer,4
110,1422,Male,Scientist,5
86,1717,Male,Lawyer,3
217,1883,Male,Doctor,5
972,1156,Female,Teacher,4
584,1762,Male,Engineer,5
303,1906,Female,Lawyer,1
710,1236,Female,Manager,5
48,1514,Female,Scientist,1
888,1869,Female,Lawyer,1
284,1965,Male,Lawyer,5
508,1436,Male,Teacher,1
490,1270,Female,Manager,4
564,1902,Male,Manager,5
451,1232,Female,Developer,5
230,1884,Male,Doctor,5
692,1689,Male,Designer,2
934,1069,Male,Doctor,3
292,1416,Female,Artist,1
237,1183,Female,Scientist,3
185,1023,Female,Manager,3
684,1519,Female,Doctor,4
201,1662,Male,Developer,1
214,1921,Male,Lawyer,3
227,1640,Male,Manager,3
902,1086,Female,Scientist,1
998,1563,Female,Developer,1
9,1521,Male,Designer,4
394,1442,Male,Scientist,1
433,1721,Male,Teacher,5
890,1810,Female,Designer,4
489,1250,Female,Lawyer,4
522,1064,Male,Manager,2
405,1464,Male,Doctor,3
502,1115,Male,Teacher,5
301,1788,Female,Artist,3
699,1183,Female,Scientist,2
997,1084,Male,Manager,5
43,1204,Male,Artist,4
319,1476,Female,Engineer,2
245,1545,Male,Teacher,5
537,1778,Female,Scientist,4
969,1004,Male,Engineer,1
47,1538,Male,Designer,3
38,1164,Male,Doctor,1
62,1549,Female,Lawyer,1
507,1828,Female,Doctor,4
282,1155,Female,Teacher,2
989,1545,Male,Scientist,5
78,1051,Male,Artist,4
869,1909,Female,Manager,3
811,1654,Female,Developer,3
709,1508,Female,Developer,3
304,1335,Male,Engineer,1
579,1681,Female,Artist,4
765,1259,Female,Doctor,5
483,1120,Male,Doctor,2
628,1266,Male,Lawyer,3
583,1239,Female,Teacher,5
339,1540,Female,Engineer,4
314,1722,Female,Artist,2
229,1736,Female,Engineer,3
209,1716,Female,Scientist,2
35,1583,Male,Developer,1
618,1023,Female,Scientist,3
727,1298,Female,Scientist,4
729,1943,Male,Artist,4
763,1843,Female,Engineer,1
720,1486,Female,Doctor,2
924,1843,Female,Lawyer,1
442,1691,Female,Doctor,4
836,1490,Female,Engineer,4
301,1608,Male,Manager,3
304,1198,Female,Designer,3
859,1702,Male,Engineer,1
541,1331,Female,Lawyer,3
273,1840,Female,Scientist,3
578,1435,Female,Artist,2
963,1284,Male,Engineer,2
906,1880,Male,Developer,5
420,1672,Female,Engineer,1
603,1160,Female,Engineer,1
85,1142,Male,Scientist,2
52,1097,Female,Lawyer,2
642,1147,Female,Manager,5
46,1418,Male,Artist,2
439,1725,Female,Manager,1
378,1311,Male,Artist,4
407,1709,Female,Developer,1
827,1091,Male,Developer,4
796,1150,Male,Scientist,2
934,1564,Female,Scientist,2
65,1544,Male,Designer,5
709,1548,Female,Engineer,1
536,1587,Female,Artist,1
351,1874,Female,Teacher,4
696,1461,Female,Artist,2
670,1124,Male,Designer,2
201,1681,Male,Scientist,1
60,1637,Female,Artist,5
538,1350,Female,Engineer,4
765,1378,Male,Developer,3
916,1186,Male,Designer,4
439,1032,Male,Engineer,3
478,1083,Male,Scientist,3
858,1900,Female,Teacher,4
189,1107,Female,Scientist,4
595,1248,Female,Doctor,5
348,1174,Female,Teacher,5
694,1495,Male,Teacher,5
704,1912,Female,Scientist,1
495,1419,Male,Scientist,1
195,1237,Female,Lawyer,4
165,1901,Female,Engineer,1
72,1583,Male,Scientist,2
675,1718,Male,Artist,2
779,1280,Female,Doctor,1
57,1996,Female,Scientist,4
34,1897,Male,Doctor,5
485,1166,Female,Manager,2
296,1252,Female,Scientist,5
879,1259,Female,Scientist,1
696,1268,Female,Teacher,1
506,1011,Male,Manager,1
617,1907,Female,Lawyer,5
240,1527,Female,Artist,3
337,1713,Male,Doctor,3
912,1412,Male,Manager,5
782,1441,Male,Developer,4
563,1603,Female,Lawyer,4
649,1543,Female,Teacher,3
951,1476,Male,Lawyer,3
973,1304,Female,Scientist,5
529,1044,Male,Engineer,1
1,1822,Female,Manager,2
437,1714,Female,Artist,5
553,1180,Female,Scientist,2
986,1914,Female,Artist,2
950,1514,Male,Artist,1
265,1553,Male,Doctor,2
201,1044,Male,Scientist,1
351,1958,Female,Designer,5
81,1225,Male,Engineer,1
330,1790,Male,Manager,2
122,1094,Female,Artist,3
746,1057,Female,Teacher,5
311,1373,Male,Scientist,3
891,1149,Female,Doctor,4
311,1381,Male,Engineer,1
542,1409,Female,Designer,4
843,1638,Male,Engineer,1
18,1566,Female,Developer,3
395,1787,Female,Doctor,5
518,1657,Male,Manager,1
525,1698,Female,Manager,1
747,1017,Male,Artist,3
666,1892,Male,Doctor,4
697,1188,Female,Engineer,3
663,1596,Male,Scientist,2
145,1931,Male,Engineer,2
982,1100,Male,Doctor,1
400,1870,Female,Teacher,2
953,1855,Female,Scientist,3
106,1033,Male,Developer,5
938,1863,Female,Manager,1
733,1868,Male,Scientist,1
594,1404,Female,Engineer,3
510,1908,Male,Lawyer,4
315,1605,Male,Teacher,4
455,1915,Male,Doctor,5
237,1160,Female,Designer,3
167,1836,Female,Teacher,5
496,1899,Male,Artist,4
473,1754,Male,Lawyer,2
585,1755,Female,Artist,2
826,1958,Female,Developer,2
999,1524,Male,Developer,4
376,1583,Female,Designer,3
318,1061,Female,Doctor,3
652,1361,Female,Designer,3
806,1007,Male,Doctor,4
620,1186,Male,Manager,3
19,1570,Female,Designer,2
311,1866,Female,Doctor,1
454,1065,Male,Artist,2
731,1128,Male,Lawyer,4
148,1226,Male,Scientist,3
110,1564,Male,Teacher,2
171,1542,Female,Manager,5
411,1020,Female,Lawyer,2
52,1100,Male,Lawyer,4
664,1645,Female,Artist,2
475,1035,Female,Developer,5
959,1470,Male,Designer,5
568,1886,Female,Lawyer,1
448,1983,Female,Engineer,2
556,1749,Male,Manager,3
113,1503,Female,Designer,2
769,1748,Female,Artist,1
551,1213,Male,Artist,5
297,1005,Female,Lawyer,1
284,1771,Male,Engineer,2
345,1202,Male,Doctor,1
99,1023,Female,Doctor,1
320,1335,Female,Lawyer,2
239,1931,Male,Designer,1
802,1804,Female,Developer,4
858,1047,Female,Manager,2
390,1730,Male,Doctor,2
788,1208,Male,Artist,1
580,1909,Male,Teacher,4
265,1310,Female,Designer,4
100,1229,Female,Manager,2
579,1751,Female,Teacher,1
883,1470,Male,Engineer,5
195,1542,Female,Developer,2
923,1242,Male,Teacher,2
199,1232,Male,Designer,2
745,1975,Male,Artist,2
119,1685,Male,Engineer,1
69,1012,Male,Manager,2
132,1680,Female,Doctor,4
811,1734,Male,Scientist,5
201,1079,Female,Artist,3
883,1364,Male,Lawyer,2
534,1733,Female,Manager,1
789,1197,Female,Artist,5
528,1726,Female,Developer,3
592,1530,Male,Artist,2
247,1332,Female,Artist,1
128,1111,Female,Designer,1
799,1045,Male,Teacher,3
557,1034,Female,Lawyer,1
929,1875,Male,Engineer,3
924,1202,Male,Teacher,1
112,1471,Female,Teacher,2
107,1659,Female,Engineer,3
449,1867,Female,Engineer,2
795,1791,Female,Scientist,5
826,1967,Female,Artist,4
671,1720,Male,Artist,3
139,1693,Female,Scientist,5
706,1112,Male,Manager,5
162,1072,Male,Artist,4
768,1227,Female,Doctor,1
866,1945,Male,Teacher,2
820,1964,Male,Artist,3
93,1571,Female,Artist,2
504,1742,Female,Designer,5
327,1670,Male,Scientist,1
940,1291,Female,Artist,2
848,1232,Female,Developer,1
493,1361,Male,Doctor,4
684,1553,Female,Engineer,4
641,1887,Male,Artist,4
541,1037,Female,Doctor,5
189,1762,Female,Manager,4
274,1679,Male,Doctor,4
782,1481,Female,Developer,2
748,1153,Male,Engineer,1
173,1743,Male,Manager,4
885,1357,Female,Teacher,3
871,1750,Male,Scientist,5
85,1425,Female,Engineer,2
667,1083,Female,Designer,3
117,1181,Male,Doctor,3
444,1784,Female,Lawyer,4
129,1706,Male,Lawyer,4
292,1660,Female,Engineer,2
558,1693,Female,Scientist,4
887,1685,Male,Doctor,4
739,1322,Male,Designer,5
874,1062,Female,Lawyer,1
459,1635,Female,Developer,4
952,1032,Male,Developer,4
653,1147,Male,Artist,3
238,1803,Female,Engineer,2
869,1596,Female,Developer,4
857,1822,Female,Doctor,2
257,1169,Male,Artist,5
317,1335,Male,Designer,2
312,1385,Female,Doctor,2
793,1869,Female,Lawyer,1
42,1860,Female,Designer,1
303,1133,Female,Designer,3
277,1006,Female,Manager,1
334,1475,Male,Engineer,2
32,1320,Female,Artist,2
401,1483,Female,Developer,4
854,1019,Female,Doctor,3
312,1365,Male,Artist,2
251,1759,Female,Artist,3
84,1778,Female,Doctor,5
659,1542,Male,Engineer,5
180,1863,Female,Manager,3
363,1062,Female,Designer,5
404,1934,Male,Manager,2
732,1816,Female,Manager,1
560,1726,Female,Engineer,5
420,1712,Male,Lawyer,2
410,1367,Female,Developer,2
914,1349,Male,Doctor,1
150,1123,Male,Designer,3
13,1283,Male,Doctor,1
293,1577,Male,Scientist,5
885,1958,Male,Designer,1
398,1713,Female,Designer,5
586,1033,Male,Teacher,3
662,1433,Male,Teacher,3
193,1587,Male,Artist,3
843,1124,Female,Designer,2
501,1914,Male,Teacher,2
505,1335,Female,Engineer,4
567,1788,Male,Scientist,4
449,1337,Male,Developer,4
888,1182,Male,Manager,1
694,1588,Female,Teacher,4
107,1967,Male,Lawyer,5
547,1693,Male,Manager,3
347,1701,Male,Doctor,3
736,1225,Male,Artist,5
142,1683,Female,Lawyer,4
136,1711,Female,Manager,1
724,1223,Male,Teacher,3
697,1097,Female,Teacher,5
993,1064,Male,Engineer,2
476,1963,Male,Engineer,5
800,1755,Male,Teacher,5
21,1153,Female,Developer,3
789,1470,Male,Doctor,5
241,1211,Male,Artist,1
20,1904,Female,Manager,5
667,1549,Male,Lawyer,2
642,1469,Male,Manager,3
380,1111,Female,Lawyer,5
545,1938,Male,Lawyer,4
959,1748,Male,Developer,3
931,1539,Female,Designer,4
764,1844,Male,Doctor,2
920,1032,Male,Lawyer,1
154,1980,Male,Manager,4
354,1360,Male,Developer,1
844,1606,Female,Artist,4
87,1985,Male,Artist,2
707,1820,Male,Scientist,3
261,1883,Male,Doctor,3
982,1821,Male,Teacher,3
528,1978,Female,Teacher,1
366,1065,Male,Doctor,4
35,1633,Female,Designer,2
731,1054,Female,Manager,4
207,1648,Female,Artist,2
786,1271,Female,Artist,1
305,1986,Female,Engineer,4
186,1372,Female,Teacher,2
645,1052,Male,Teacher,4
536,1704,Male,Engineer,1
843,1961,Male,Scientist,5
268,1621,Female,Designer,5
153,1727,Female,Engineer,3
726,1078,Male,Teacher,1
105,1150,Female,Engineer,2
304,1181,Male,Designer,1
100,1504,Female,Doctor,3
712,1074,Male,Engineer,3
57,1622,Male,Lawyer,4
830,1279,Female,Doctor,4
86,1492,Male,Designer,5
788,1839,Female,Scientist,4
958,1503,Female,Scientist,2
103,1345,Female,Artist,4
397,1220,Female,Designer,1
983,1708,Female,Designer,2
900,1429,Female,Engineer,2
328,1805,Male,Artist,4
567,1031,Male,Manager,5
514,1593,Female,Developer,4
614,1290,Female,Doctor,1
71,1626,Male,Lawyer,3
502,1347,Female,Lawyer,5
1000,1887,Male,Teacher,3
952,1425,Female,Manager,5
942,1980,Female,Engineer,4
563,1224,Female,Manager,1
369,1695,Male,Engineer,1
738,1220,Male,Manager,5
216,1472,Male,Manager,4
132,1622,Male,Artist,3
556,1324,Female,Artist,5
727,1260,Female,Manager,4
718,1147,Female,Developer,3
568,1464,Female,Designer,4
570,1615,Female,Developer,2
655,1407,Female,Lawyer,3
371,1716,Female,Lawyer,4
882,1101,Male,Developer,5
268,1955,Female,Engineer,1
979,1865,Male,Doctor,4
705,1446,Female,Scientist,5
261,1523,Female,Manager,4
245,1332,Female,Engineer,4
750,1242,Female,Teacher,1
571,1743,Male,Teacher,1
282,1993,Male,Lawyer,5
786,1092,Female,Scientist,5
311,1993,Male,Developer,4
1000,1822,Female,Scientist,4
879,1574,Male,Manager,2
682,1275,Female,Engineer,2
496,1052,Female,Designer,3
599,1519,Male,Engineer,3
568,1991,Female,Designer,1
360,1021,Female,Teacher,3
84,1533,Female,Manager,3
644,1694,Female,Doctor,4
849,1081,Female,Doctor,3
312,1630,Female,Manager,1
397,1596,Female,Manager,2
22,1711,Female,Manager,2
390,1467,Male,Designer,1
660,1811,Male,Teacher,3
898,1689,Female,Designer,5
869,1248,Male,Engineer,4
817,1381,Male,Lawyer,5
395,1559,Male,Artist,3
715,1523,Female,Designer,4
683,1750,Male,Doctor,1
191,1296,Female,Lawyer,5
451,1411,Female,Doctor,5
459,1866,Female,Doctor,5
314,1252,Female,Engineer,5
450,1561,Male,Artist,3
408,1619,Male,Doctor,2
45,1314,Female,Lawyer,1
980,1291,Female,Artist,1
45,1165,Female,Doctor,3
92,1788,Male,Teacher,4
870,1215,Male,Designer,3
496,1924,Female,Doctor,1
656,1011,Male,Engineer,1
637,1090,Female,Designer,4
824,1642,Male,Scientist,3
465,1066,Female,Teacher,2
157,1454,Male,Doctor,2
547,1080,Male,Teacher,5
562,1961,Female,Designer,2
799,1951,Female,Designer,5
624,1407,Male,Lawyer,4
939,1852,Male,Designer,3
420,1293,Female,Scientist,4
699,1150,Male,Doctor,1
699,1339,Female,Doctor,2
781,1937,Female,Scientist,2
365,1453,Male,Designer,2
738,1258,Female,Teacher,5
466,1970,Female,Doctor,1
373,1458,Male,Scientist,1
84,1653,Female,Lawyer,3
918,1112,Female,Lawyer,1
840,1536,Male,Engineer,1
646,1788,Female,Scientist,5
61,1529,Female,Designer,4
44,1885,Male,Doctor,5
236,1488,Female,Developer,3
825,1873,Male,Manager,2
76,1715,Female,Doctor,1
669,1687,Male,Teacher,1
303,1833,Female,Lawyer,2
704,1627,Male,Lawyer,3
69,1963,Male,Doctor,4
627,1293,Female,Doctor,1
975,1136,Female,Teacher,4
510,1622,Female,Engineer,4
649,1743,Female,Artist,3
894,1766,Male,Manager,2
426,1417,Male,Lawyer,5
473,1492,Male,Manager,4
497,1184,Male,Teacher,3
233,1410,Male,Doctor,5
15,1471,Female,Designer,4
886,1315,Female,Scientist,3
496,1564,Male,Developer,3
833,1702,Male,Artist,4
880,1665,Male,Engineer,1
151,1818,Male,Artist,1
379,1286,Male,Doctor,1
779,1144,Female,Artist,2
349,1007,Male,Developer,4
712,1864,Female,Artist,3
336,1837,Female,Designer,4
982,1815,Male,Engineer,3
907,1668,Male,Teacher,5
7,1465,Female,Lawyer,4
907,1622,Male,Engineer,3
251,1937,Female,Doctor,3
390,1369,Female,Artist,2
723,1522,Male,Artist,4
646,1742,Female,Lawyer,4
795,1280,Female,Artist,2
986,1722,Female,Scientist,5
995,1676,Male,Doctor,1
576,1054,Male,Engineer,3
231,1848,Female,Doctor,4
305,1627,Male,Teacher,5
783,1519,Female,Lawyer,2
59,1952,Male,Lawyer,2
953,1623,Female,Developer,2
211,1200,Male,Scientist,4
277,1022,Male,Teacher,3
553,1169,Male,Teacher,1
877,1314,Male,Doctor,2
88,1966,Male,Lawyer,4
917,1438,Female,Lawyer,3
778,1486,Male,Scientist,3
440,1476,Female,Engineer,5
498,1171,Male,Designer,3
596,1857,Female,Designer,2
354,1304,Female,Scientist,3
242,1915,Female,Engineer,5
428,1894,Male,Manager,4
811,1338,Male,Developer,2
618,1602,Male,Teacher,3
952,1920,Female,Scientist,1
230,1914,Male,Developer,1
788,1440,Female,Designer,5
103,1914,Female,Scientist,3
355,1510,Male,Doctor,5
911,1998,Male,Lawyer,2
842,1105,Male,Artist,5
526,1269,Male,Artist,4
906,1878,Female,Teacher,2
217,1393,Male,Engineer,4
303,1191,Female,Lawyer,4
178,1921,Female,Designer,5
527,1007,Female,Doctor,5
132,1930,Female,Designer,1
226,1821,Female,Manager,4
911,1503,Male,Scientist,4
70,1066,Female,Manager,1
952,1069,Female,Developer,3
351,1814,Female,Teacher,5
96,1411,Male,Manager,3
637,1966,Female,Artist,1
66,1773,Male,Teacher,2
351,1659,Male,Designer,2
384,1131,Female,Doctor,2
484,1461,Female,Scientist,3
477,1135,Male,Artist,2
749,1979,Male,Artist,5
730,1070,Female,Designer,4
20,1720,Female,Engineer,1
545,1068,Male,Designer,1
408,1625,Female,Doctor,3
988,1509,Male,Doctor,4
17,1770,Male,Artist,4
276,1308,Female,Lawyer,2
988,1779,Female,Doctor,1
550,1115,Female,Teacher,3
229,1477,Male,Engineer,3
959,1711,Female,Engineer,4
933,1273,Female,Scientist,5
656,1517,Male,Lawyer,1
373,1523,Male,Teacher,4
995,1158,Male,Artist,3
672,1078,Male,Artist,2
872,1276,Female,Manager,4
127,1223,Female,Artist,4
907,1147,Male,Lawyer,4
359,1625,Female,Manager,2
475,1728,Female,Artist,5
942,1601,Male,Teacher,3
813,1956,Female,Developer,4
342,1580,Female,Developer,1
255,1753,Male,Artist,3
233,1690,Male,Developer,3
170,1218,Male,Manager,5
541,1942,Male,Scientist,2
546,1149,Female,Teacher,4
976,1745,Female,Developer,3
997,1781,Female,Doctor,4
589,1593,Male,Scientist,2
847,1875,Female,Teacher,4
453,1166,Male,Artist,1
978,1051,Female,Developer,4
596,1207,Male,Doctor,1
940,1798,Male,Scientist,5
177,1829,Male,Manager,2
86,1956,Female,Teacher,5
368,1265,Male,Scientist,4
585,1219,Male,Scientist,2
87,1966,Male,Scientist,1
173,1555,Female,Artist,1
294,1677,Male,Engineer,5
255,1386,Male,Teacher,1
23,1763,Male,Manager,5
488,1952,Female,Doctor,1
391,1314,Male,Lawyer,3
499,1562,Female,Lawyer,2
441,1696,Female,Developer,3
378,1845,Male,Lawyer,3
561,1797,Female,Teacher,2
259,1557,Male,Lawyer,5
276,1420,Female,Doctor,5
296,1632,Male,Manager,4
31,1004,Male,Developer,3
187,1624,Male,Designer,2
880,1931,Female,Scientist,5
604,1856,Male,Lawyer,5
277,1072,Female,Manager,2
679,1720,Male,Scientist,5
731,1802,Female,Artist,5
239,1707,Male,Teacher,2
881,1647,Female,Lawyer,4
37,1640,Female,Engineer,4
496,1245,Female,Designer,3
202,1270,Male,Scientist,4
348,1706,Female,Doctor,1
679,1726,Male,Manager,2
938,1646,Female,Designer,4
807,1482,Male,Developer,3
599,1297,Female,Teacher,3
670,1609,Male,Teacher,2
444,1228,Male,Designer,5
179,1232,Female,Doctor,3
33,1472,Female,Lawyer,5
347,1240,Male,Teacher,1
58,1942,Male,Manager,2
489,1410,Male,Manager,4
319,1315,Male,Engineer,3
211,1141,Male,Scientist,1
790,1918,Male,Developer,3
62,1712,Male,Designer,1
838,1630,Male,Engineer,4
105,1313,Male,Artist,1
598,1543,Female,Designer,1
884,1801,Female,Lawyer,5
835,1637,Male,Doctor,4
950,1447,Male,Engineer,1
652,1323,Male,Artist,2
372,1271,Female,Designer,2
895,1450,Male,Teacher,3
775,1316,Male,Doctor,2
151,1370,Female,Manager,3
531,1897,Male,Manager,2
246,1004,Male,Lawyer,5
349,1934,Female,Artist,2
511,1749,Female,Artist,1
391,1655,Male,Scientist,2
427,1236,Female,Teacher,2
693,1712,Male,Doctor,3
554,1845,Female,Developer,1
471,1557,Female,Engineer,5
884,1048,Female,Lawyer,4
823,1975,Male,Scientist,5
697,1132,Male,Developer,3
236,1873,Male,Artist,4
505,1330,Female,Designer,2
423,1659,Female,Developer,3
543,1816,Female,Teacher,3
91,1135,Male,Manager,4
349,1287,Female,Artist,4
691,1049,Female,Lawyer,2
789,1330,Male,Artist,5
350,1740,Male,Manager,4
114,1554,Male,Developer,2
312,1346,Male,Designer,5
809,1019,Female,Developer,4
493,1124,Male,Designer,4
295,1003,Female,Developer,2
784,1341,Male,Developer,4
791,1404,Male,Artist,1
724,1267,Male,Scientist,4
91,1715,Male,Artist,5
294,1175,Female,Doctor,5
916,1789,Male,Designer,5
229,1175,Male,Developer,3
399,1737,Male,Teacher,5
94,1136,Female,Scientist,4
26,1240,Female,Engineer,1
15,1822,Male,Doctor,2
102,1217,Female,Doctor,3
467,1534,Male,Doctor,1
788,1819,Male,Developer,3
784,1996,Male,Scientist,5
808,1186,Male,Engineer,1
323,1772,Male,Lawyer,1
475,1258,Male,Developer,3
700,1916,Female,Doctor,5
968,1672,Male,Artist,1
116,1342,Female,Designer,3
959,1597,Female,Teacher,2
872,1734,Male,Artist,5
901,1756,Female,Designer,4
40,1455,Male,Doctor,2
693,1470,Female,Designer,4
538,1573,Male,Developer,5
973,1433,Male,Artist,2
854,1146,Male,Doctor,5
896,1118,Male,Scientist,1
388,1698,Male,Doctor,4
845,1308,Female,Doctor,5
458,1168,Female,Designer,1
344,1692,Male,Designer,2
596,1819,Male,Scientist,1
368,1093,Female,Doctor,1
645,1377,Male,Manager,3
381,1342,Male,Developer,5
591,1748,Female,Scientist,2
862,1792,Male,Manager,2
792,1694,Male,Designer,1
833,1530,Female,Teacher,5
325,1159,Male,Teacher,5
95,1013,Female,Artist,1
248,1240,Female,Doctor,4
94,1780,Male,Doctor,2
393,1284,Female,Scientist,4
883,1305,Female,Engineer,1
650,1134,Male,Scientist,2
626,1014,Male,Teacher,5
971,1817,Male,Scientist,3
115,1839,Female,Scientist,2
923,1226,Female,Doctor,4
961,1153,Male,Lawyer,4
145,1956,Male,Teacher,1
119,1585,Female,Teacher,5
544,1347,Female,Manager,2
876,1757,Female,Teacher,2
200,1472,Male,Developer,3
199,1187,Female,Lawyer,5
326,1977,Female,Manager,5
318,1233,Female,Engineer,4
787,1630,Male,Teacher,1
194,1531,Male,Developer,4
530,1515,Female,Developer,2
725,1054,Female,Designer,4
442,1312,Female,Scientist,2
732,1548,Female,Scientist,5
676,1605,Female,Lawyer,2
665,1213,Male,Teacher,3
972,1607,Male,Manager,5
212,1180,Male,Teacher,1
994,1408,Male,Doctor,2
358,1665,Male,Manager,4
288,1343,Male,Manager,1
80,1375,Male,Engineer,4
289,1943,Male,Engineer,1
794,1848,Male,Engineer,1
484,1109,Male,Lawyer,3
523,1889,Male,Manager,3
857,1307,Female,Lawyer,3
508,1798,Female,Artist,2
69,1083,Female,Artist,1
409,1037,Female,Developer,1
846,1008,Male,Engineer,5
944,1253,Female,Teacher,2
244,1904,Female,Manager,2
133,1813,Male,Manager,4
160,1490,Female,Developer,4
896,1645,Female,Doctor,3
891,1948,Male,Engineer,4
163,1715,Female,Lawyer,4
780,1659,Female,Teacher,3
146,1012,Male,Scientist,1
138,1189,Female,Lawyer,5
131,1436,Female,Manager,5
633,1407,Female,Manager,2
730,1096,Male,Developer,5
81,1605,Male,Developer,3
833,1855,Female,Engineer,3
275,1385,Female,Designer,3
32,1444,Male,Doctor,1
939,1270,Male,Engineer,2
181,1278,Male,Manager,2
649,1485,Male,Doctor,5
614,1982,Male,Doctor,3
111,1906,Male,Designer,4
917,1484,Female,Scientist,5
471,1285,Male,Artist,4
703,1258,Female,Lawyer,2
804,1929,Male,Teacher,5
220,1514,Female,Engineer,5
442,1978,Female,Doctor,2
531,1291,Male,Designer,2
422,1765,Male,Designer,4
461,1545,Female,Lawyer,2
940,1775,Female,Manager,3
788,1983,Male,Teacher,3
336,1768,Male,Manager,1
288,1411,Male,Teacher,5
333,1749,Female,Designer,5
462,1569,Female,Lawyer,4
83,1879,Female,Manager,2
653,1795,Male,Lawyer,3
739,1274,Female,Developer,5
425,1891,Female,Developer,2
947,1606,Male,Manager,5
697,1270,Male,Manager,2
293,1941,Male,Manager,5
410,1444,Female,Designer,4
686,1706,Male,Developer,4
314,1645,Female,Artist,1
759,1213,Female,Scientist,2
161,1659,Male,Manager,5
834,1557,Female,Doctor,2
302,1271,Female,Designer,5
317,1079,Male,Teacher,2
419,1347,Female,Doctor,2
211,1781,Female,Doctor,1
789,1575,Female,Scientist,3
153,1506,Male,Engineer,3
402,1835,Male,Developer,4
307,1869,Female,Doctor,5
689,1060,Male,Lawyer,3
942,1227,Male,Lawyer,1
726,1542,Female,Manager,4
832,1205,Male,Developer,5
15,1216,Male,Manager,4
998,1823,Male,Designer,5
969,1781,Male,Manager,4
43,1382,Male,Lawyer,3
262,1214,Female,Scientist,4
950,1574,Male,Scientist,2
949,1096,Female,Engineer,5
900,1355,Male,Engineer,4
70,1089,Male,Manager,3
877,1649,Female,Developer,3
975,1133,Male,Engineer,4
857,1880,Female,Engineer,1
619,1962,Female,Teacher,1
660,1428,Female,Developer,1
207,1113,Female,Lawyer,3
144,1191,Male,Scientist,4
268,1716,Male,Engineer,4
933,1252,Female,Artist,4
350,1980,Male,Lawyer,1
953,1982,Female,Developer,2
389,1205,Female,Artist,1
76,1515,Female,Scientist,1
629,1239,Female,Doctor,2
599,1843,Female,Designer,4
467,1095,Female,Lawyer,5
205,1474,Female,Engineer,4
888,1367,Female,Scientist,3
536,1685,Female,Designer,4
24,1290,Male,Developer,2
220,1016,Male,Lawyer,5
592,1847,Female,Developer,1
668,1703,Male,Scientist,4
272,1720,Male,Lawyer,2
828,1510,Male,Engineer,1
112,1507,Female,Teacher,3
505,1897,Female,Manager,3
714,1689,Female,Developer,4
730,1097,Male,Doctor,4
76,1405,Male,Lawyer,3
133,1332,Female,Teacher,3
550,1433,Male,Manager,4
22,1107,Female,Scientist,3
509,1333,Female,Doctor,1
836,1113,Female,Artist,5
403,1822,Female,Teacher,2
536,1134,Female,Lawyer,3
626,1571,Male,Developer,1
521,1300,Female,Manager,1
891,1244,Female,Engineer,1
575,1051,Female,Developer,1
435,1242,Female,Manager,3
302,1352,Male,Scientist,5
589,1789,Male,Manager,4
27,1475,Male,Artist,5
669,1191,Male,Doctor,4
470,1955,Male,Doctor,4
646,1221,Female,Designer,2
158,1069,Female,Manager,5
721,1964,Female,Teacher,5
86,1331,Female,Lawyer,2
145,1462,Male,Artist,2
76,1352,Female,Artist,4
422,1222,Male,Artist,1
398,1138,Male,Teacher,3
979,1268,Female,Engineer,3
950,1581,Male,Scientist,1
605,1778,Female,Doctor,4
582,1230,Male,Artist,5
530,1511,Female,Engineer,1
367,1462,Female,Teacher,5
533,1377,Male,Designer,2
824,1514,Female,Teacher,2
737,1774,Male,Engineer,5
532,1639,Male,Scientist,5
97,1494,Male,Teacher,5
941,1095,Male,Doctor,3
406,1180,Male,Designer,1
971,1948,Male,Teacher,5
805,1304,Female,Teacher,5
267,1497,Female,Teacher,5
379,1638,Female,Lawyer,4
543,1457,Male,Designer,5
16,1222,Male,Scientist,4
104,1670,Male,Designer,3
734,1932,Female,Teacher,3
387,1468,Female,Doctor,3
446,1952,Female,Scientist,4
669,1121,Male,Designer,4
756,1454,Female,Manager,5
259,1596,Female,Lawyer,1
238,1317,Male,Developer,5
1,1954,Female,Designer,4
983,1294,Male,Designer,3
399,1723,Female,Teacher,1
672,1144,Male,Scientist,4
268,1010,Female,Teacher,1
746,1490,Male,Doctor,3
659,1663,Male,Teacher,4
842,1275,Female,Artist,1
938,1122,Male,Manager,1
403,1360,Male,Engineer,2
846,1651,Female,Engineer,5
432,1235,Female,Scientist,3
866,1293,Female,Doctor,2
499,1969,Female,Scientist,5
336,1948,Male,Designer,3
846,1046,Female,Engineer,2
123,1509,Female,Designer,4
493,1287,Female,Manager,4
846,1798,Female,Doctor,3
372,1092,Female,Artist,1
302,1047,Female,Designer,2
946,1542,Male,Designer,4
616,1944,Female,Manager,4
795,1242,Female,Developer,5
116,1193,Female,Developer,3
443,1506,Female,Designer,3
784,1401,Male,Manager,3
347,1856,Male,Manager,3
20,1215,Male,Teacher,2
30,1688,Female,Artist,3
948,1163,Female,Doctor,3
790,1495,Female,Designer,2
450,1876,Male,Developer,2
186,1695,Male,Doctor,4
198,1678,Female,Developer,2
645,1710,Male,Doctor,3
982,1003,Male,Scientist,5
365,1406,Female,Doctor,2
874,1519,Male,Manager,1
75,1619,Female,Doctor,2
779,1574,Male,Designer,4
596,1830,Female,Manager,1
574,1857,Male,Developer,1
371,1206,Female,Engineer,2
67,1228,Female,Teacher,2
712,1349,Male,Manager,5
795,1678,Male,Lawyer,5
908,1687,Male,Engineer,4
172,1775,Male,Artist,5
778,1231,Female,Teacher,5
174,1282,Female,Engineer,4
480,1204,Male,Manager,1
904,1153,Female,Manager,4
479,1910,Female,Artist,2
748,1887,Female,Engineer,3
769,1404,Male,Manager,5
770,1938,Male,Designer,2
907,1302,Male,Scientist,5
334,1499,Male,Manager,2
493,1872,Male,Engineer,3
646,1154,Male,Engineer,5
799,1502,Female,Developer,2
789,1442,Female,Doctor,2
713,1167,Male,Doctor,3
212,1345,Male,Teacher,5
85,1327,Female,Developer,5
992,1650,Male,Manager,2
141,1532,Male,Engineer,1
410,1861,Female,Teacher,1
145,1002,Male,Designer,4
808,1789,Male,Lawyer,2
112,1394,Female,Manager,5
673,1390,Female,Doctor,2
30,1241,Male,Developer,5
676,1231,Male,Scientist,1
40,1035,Female,Teacher,2
241,1664,Male,Engineer,1
228,1763,Male,Artist,3
657,1040,Female,Artist,5
878,1254,Male,Doctor,2
15,1137,Male,Designer,4
824,1406,Male,Designer,2
163,1012,Female,Scientist,4
41,1278,Female,Designer,4
694,1070,Female,Manager,5
633,1055,Male,Doctor,2
249,1426,Male,Doctor,1
496,1710,Female,Doctor,2
35,1569,Male,Manager,1
429,1023,Male,Designer,2
900,1171,Male,Designer,4
744,1099,Female,Developer,4
496,1003,Female,Designer,1
350,1416,Female,Developer,4
662,1290,Male,Developer,1
574,1557,Female,Doctor,5
718,1989,Female,Artist,4
667,1807,Male,Engineer,3
635,1682,Female,Developer,5
551,1223,Female,Lawyer,2
282,1659,Female,Scientist,1
117,1466,Female,Artist,4
714,1554,Female,Scientist,2
12,1659,Male,Scientist,5
372,1384,Male,Teacher,1
203,1789,Female,Manager,3
757,1270,Male,Doctor,1
23,1387,Male,Teacher,5
388,1106,Female,Scientist,4
961,1386,Female,Artist,2
974,1124,Female,Doctor,1
162,1230,Male,Doctor,5
960,1543,Female,Manager,1
285,1362,Male,Designer,1
427,1941,Male,Developer,4
923,1389,Female,Designer,5
186,1429,Male,Manager,2
892,1338,Female,Scientist,3
823,1052,Female,Engineer,3
430,1989,Female,Lawyer,3
641,1919,Male,Engineer,4
992,1794,Female,Artist,1
770,1207,Female,Artist,4
856,1726,Male,Scientist,5
77,1424,Female,Designer,2
372,1336,Male,Artist,5
336,1655,Male,Developer,3
268,1733,Male,Artist,1
192,1250,Female,Lawyer,3
949,1721,Male,Manager,5
516,1001,Female,Lawyer,2
198,1804,Male,Doctor,4
455,1454,Female,Engineer,2
431,1432,Female,Lawyer,1
461,1182,Male,Scientist,5
261,1741,Male,Developer,5
506,1044,Female,Teacher,3
311,1526,Female,Engineer,2
472,1502,Male,Scientist,5
227,1248,Female,Artist,1
859,1461,Female,Developer,4
757,1751,Female,Engineer,1
796,1667,Female,Artist,4
925,1225,Female,Engineer,5
359,1568,Male,Manager,4
347,1383,Male,Manager,4
333,1723,Female,Artist,1
665,1304,Male,Teacher,4
622,1569,Female,Doctor,1
517,1687,Female,Lawyer,1
464,1829,Male,Designer,4
74,1834,Female,Scientist,5
163,1445,Male,Manager,4
368,1915,Male,Teacher,4
642,1775,Male,Manager,5
226,1438,Female,Doctor,5
560,1868,Male,Doctor,3
224,1772,Male,Doctor,2
502,1033,Male,Artist,4
176,1029,Female,Lawyer,4
511,1575,Female,Designer,4
635,1672,Female,Artist,5
959,1972,Female,Scientist,4
525,1030,Female,Developer,2
402,1208,Female,Doctor,1
542,1994,Male,Engineer,1
264,1773,Male,Engineer,4
496,1366,Male,Doctor,5
580,1650,Female,Doctor,5
726,1624,Male,Lawyer,1
330,1213,Female,Teacher,3
340,1525,Male,Lawyer,1
269,1165,Male,Engineer,4
182,1638,Male,Doctor,4
387,1916,Male,Developer,3
364,1264,Female,Doctor,2
392,1597,Female,Teacher,4
547,1536,Male,Manager,2
958,1601,Female,Designer,2
765,1817,Female,Doctor,3
239,1759,Male,Designer,4
930,1521,Female,Developer,1
12,1343,Female,Artist,1
387,1616,Male,Engineer,1
368,1190,Male,Designer,2
149,1912,Female,Doctor,3
606,1006,Male,Manager,2
487,1598,Male,Doctor,3
884,1879,Female,Doctor,5
696,1919,Male,Doctor,5
648,1101,Female,Manager,3
614,1707,Female,Designer,1
831,1369,Female,Engineer,3
590,1522,Female,Engineer,3
850,1153,Male,Teacher,5
27,1752,Male,Artist,1
638,1467,Female,Designer,1
495,1151,Male,Manager,3
528,1331,Female,Teacher,3
211,1857,Male,Teacher,1
443,1377,Male,Designer,4
952,1013,Female,Engineer,3
827,1286,Female,Doctor,4
899,1158,Female,Manager,4
96,1074,Male,Lawyer,1
340,1163,Male,Engineer,4
994,1693,Male,Artist,1
588,1977,Male,Teacher,2
360,1273,Female,Engineer,4
462,1618,Male,Lawyer,3
391,1312,Male,Engineer,2
284,1380,Female,Teacher,1
114,1422,Female,Scientist,1
88,1908,Female,Lawyer,1
127,1811,Male,Engineer,5
303,1612,Male,Artist,3
176,1087,Female,Doctor,3
732,1607,Male,Designer,5
306,1981,Female,Doctor,4
994,1522,Male,Lawyer,1
133,1521,Female,Teacher,1
544,1253,Male,Designer,3
906,1888,Male,Lawyer,4
801,1770,Male,Developer,5
530,1690,Female,Lawyer,4
151,1125,Female,Engineer,5
678,1443,Male,Manager,2
789,1907,Female,Teacher,5
899,1469,Male,Teacher,2
318,1274,Male,Lawyer,4
713,1924,Female,Manager,5
799,1163,Male,Doctor,4
234,1159,Male,Doctor,4
419,1259,Female,Manager,1
791,1929,Female,Artist,5
801,1201,Male,Doctor,4
441,1580,Female,Scientist,2
473,1713,Female,Artist,2
318,1148,Female,Doctor,2
830,1676,Male,Teacher,1
282,1594,Male,Developer,5
13,1167,Female,Doctor,2
205,1586,Female,Scientist,2
684,1083,Male,Manager,2
275,1781,Male,Manager,4
988,1223,Female,Developer,2
638,1369,Female,Teacher,5
762,1355,Female,Designer,4
974,1626,Male,Designer,5
351,1448,Female,Artist,4
324,1567,Male,Artist,3
165,1665,Female,Designer,1
420,1483,Female,Engineer,1
683,1279,Female,Manager,3
431,1907,Male,Scientist,2
366,1623,Male,Manager,1
913,1819,Female,Manager,5
758,1972,Male,Engineer,2
2,1407,Female,Manager,2
302,1776,Male,Engineer,3
167,1363,Female,Lawyer,3
80,1574,Male,Manager,5
636,1524,Female,Doctor,1
304,1770,Male,Engineer,1
149,1773,Male,Doctor,1
560,1249,Female,Artist,3
856,1138,Male,Teacher,1
841,1222,Female,Scientist,3
447,1129,Male,Manager,1
339,1353,Male,Engineer,4
199,1178,Female,Doctor,3
842,1238,Female,Scientist,5
190,1587,Male,Teacher,4
27,1517,Male,Engineer,4
559,1520,Male,Artist,4
624,1533,Male,Manager,3
244,1808,Male,Doctor,2
828,1258,Male,Designer,3
86,1309,Male,Designer,1
132,1346,Male,Teacher,2
527,1942,Male,Artist,1
816,1536,Male,Doctor,2
13,1420,Female,Artist,1
599,1879,Male,Artist,1
807,1529,Female,Designer,5
953,1365,Male,Developer,3
517,1753,Male,Doctor,4
554,1369,Female,Teacher,2
383,1860,Female,Engineer,4
802,1484,Female,Lawyer,2
429,1424,Female,Scientist,3
728,1015,Female,Lawyer,1
613,1102,Female,Designer,5
495,1339,Female,Engineer,3
385,1966,Male,Lawyer,5
228,1295,Female,Designer,5
546,1124,Female,Artist,5
538,1274,Female,Engineer,3
333,1176,Male,Manager,3
593,1214,Male,Lawyer,2
634,1240,Female,Engineer,4
3,1726,Female,Lawyer,1
282,1066,Male,Teacher,1
939,1795,Female,Engineer,3
424,1968,Female,Engineer,5
402,1054,Female,Manager,2
39,1560,Male,Scientist,5
193,1843,Male,Designer,2
192,1580,Female,Engineer,2
89,1016,Male,Lawyer,4
471,1985,Male,Artist,1
527,1482,Male,Manager,3
886,1246,Male,Engineer,2
778,1569,Male,Developer,2
637,1873,Male,Developer,2
786,1025,Female,Manager,3
572,1176,Female,Artist,2
800,1468,Female,Engineer,1
415,1860,Female,Doctor,1
435,1061,Male,Scientist,5
263,1296,Female,Designer,4
554,1473,Male,Teacher,4
833,1833,Male,Lawyer,5
249,1454,Male,Lawyer,5
965,1299,Male,Manager,4
899,1704,Male,Engineer,4
798,1142,Male,Developer,2
393,1134,Male,Designer,4
61,1718,Male,Engineer,4
479,1293,Male,Artist,5
659,1854,Female,Engineer,1
345,1643,Male,Manager,2
62,1505,Male,Engineer,2
679,1062,Male,Artist,2
652,1036,Female,Teacher,4
738,1206,Female,Manager,5
334,1928,Male,Doctor,3
690,1702,Male,Teacher,1
562,1475,Female,Artist,4
456,1645,Female,Manager,1
47,1829,Female,Scientist,4
178,1538,Male,Teacher,1
527,1405,Female,Teacher,3
726,1038,Male,Designer,5
269,1256,Male,Lawyer,5
147,1465,Female,Manager,3
820,1790,Male,Lawyer,2
385,1159,Female,Teacher,4
974,1542,Male,Developer,2
204,1968,Female,Doctor,1
940,1121,Male,Developer,3
832,1441,Male,Teacher,2
691,1191,Male,Developer,5
141,1278,Female,Teacher,4
160,1434,Female,Engineer,5
952,1651,Male,Teacher,4
749,1443,Male,Lawyer,1
202,1445,Female,Lawyer,4
813,1366,Male,Scientist,3
591,1839,Female,Artist,4
103,1569,Male,Lawyer,3
298,1941,Male,Teacher,5
37,1682,Female,Lawyer,2
575,1368,Female,Doctor,2
364,1270,Male,Designer,3
193,1013,Male,Developer,5
184,1640,Female,Scientist,2
78,1592,Female,Designer,4
310,1971,Female,Designer,3
418,1299,Female,Developer,1
605,1132,Male,Designer,3
380,1597,Female,Doctor,1
699,1656,Female,Manager,3
555,1124,Male,Developer,1
327,1093,Male,Doctor,4
256,1322,Male,Designer,1
911,1296,Female,Lawyer,5
338,1125,Male,Designer,2
218,1438,Female,Teacher,5
806,1437,Female,Doctor,5
649,1352,Female,Scientist,1
651,1162,Male,Scientist,4
99,1773,Female,Teacher,2
51,1636,Female,Developer,2
66,1958,Female,Developer,4
822,1408,Male,Designer,3
381,1254,Male,Artist,1
438,1864,Male,Manager,4
46,1200,Male,Doctor,1
362,1518,Female,Engineer,5
712,1365,Female,Doctor,1
457,1936,Male,Developer,4
167,1856,Female,Manager,2
856,1606,Male,Developer,3
723,1723,Male,Doctor,3
169,1246,Male,Artist,1
633,1608,Female,Artist,3
314,1615,Female,Designer,4
174,1349,Female,Developer,3
847,1340,Male,Developer,3
345,1275,Female,Scientist,4
805,1508,Male,Lawyer,1
65,1777,Male,Engineer,5
590,1899,Female,Manager,1
518,1627,Male,Scientist,3
360,1573,Male,Manager,5
327,1157,Female,Lawyer,2
534,1152,Male,Artist,4
128,1991,Female,Developer,2
283,1683,Female,Teacher,2
102,1558,Male,Designer,3
458,1079,Female,Scientist,1
926,1013,Male,Developer,3
180,1899,Male,Lawyer,2
20,1317,Male,Lawyer,3
92,1897,Male,Designer,5
635,1912,Male,Manager,1
6,1318,Female,Teacher,5
713,1700,Female,Designer,4
139,1837,Female,Teacher,3
368,1414,Female,Scientist,2
624,1517,Female,Designer,4
732,1528,Male,Designer,5
202,1726,Female,Developer,3
890,1403,Male,Engineer,4
279,1647,Male,Manager,5
9,1598,Female,Designer,1
939,1340,Female,Teacher,4
226,1097,Female,Doctor,5
615,1777,Male,Lawyer,3
849,1950,Female,Designer,4
254,1946,Male,Teacher,5
577,1412,Male,Lawyer,4
482,1153,Male,Designer,4
938,1514,Female,Teacher,3
833,1780,Female,Developer,4
414,1504,Female,Doctor,3
949,1491,Male,Developer,1
788,1942,Male,Lawyer,3
198,1449,Female,Developer,1
43,1021,Female,Developer,5
39,1763,Male,Doctor,3
705,1991,Male,Manager,2
633,1785,Male,Designer,2
913,1852,Male,Doctor,3
453,1481,Female,Doctor,3
207,1553,Male,Manager,2
45,1295,Male,Artist,2
257,1689,Female,Artist,4
770,1420,Female,Designer,4
931,1335,Male,Designer,4
992,1354,Male,Teacher,1
670,1424,Male,Doctor,5
651,1049,Female,Engineer,4
769,1540,Female,Engineer,2
842,1763,Male,Teacher,4
19,1531,Female,Teacher,1
391,1417,Male,Designer,1
616,1286,Male,Designer,1
310,1962,Male,Teacher,2
5,1118,Male,Doctor,1
154,1009,Female,Doctor,1
888,1757,Female,Teacher,2
798,1126,Male,Engineer,5
517,1284,Female,Teacher,4
266,1860,Female,Designer,2
546,1992,Female,Scientist,3
887,1404,Female,Developer,2
553,1394,Female,Manager,5
452,1133,Male,Manager,1
173,1902,Female,Developer,2
805,1542,Male,Scientist,3
913,1454,Female,Teacher,5
69,1109,Female,Lawyer,3
550,1307,Female,Engineer,5
710,1696,Female,Developer,3
695,1909,Male,Engineer,1
472,1848,Female,Designer,4
133,1421,Male,Designer,1
984,1925,Male,Doctor,3
517,1895,Male,Manager,4
658,1801,Female,Artist,1
16,1561,Female,Doctor,1
75,1608,Female,Manager,1
526,1057,Male,Engineer,3
751,1947,Male,Designer,1
755,1597,Male,Manager,4
968,1036,Male,Designer,4
872,1645,Male,Designer,5
246,1291,Male,Scientist,1
857,1124,Male,Artist,5
853,1637,Female,Doctor,1
82,1519,Male,Scientist,5
298,1004,Male,Developer,1
243,1607,Male,Scientist,5
521,1698,Male,Engineer,3
845,1046,Female,Designer,4
328,1445,Male,Doctor,3
404,1262,Female,Scientist,3
355,1849,Female,Designer,1
705,1005,Female,Designer,1
289,1641,Female,Engineer,1
473,1155,Female,Artist,3
287,1933,Male,Artist,3
16,1241,Female,Artist,4
576,1626,Male,Developer,3
80,1164,Female,Designer,4
146,1524,Female,Designer,4
163,1032,Female,Developer,2
898,1423,Male,Scientist,5
262,1233,Female,Developer,5
639,1665,Female,Developer,4
485,1684,Female,Lawyer,3
538,1917,Male,Teacher,3
796,1076,Female,Lawyer,5
433,1213,Male,Scientist,1
379,1455,Female,Teacher,5
451,1640,Male,Engineer,2
505,1399,Male,Manager,5
141,1161,Female,Artist,1
661,1469,Male,Artist,5
71,1933,Male,Lawyer,2
995,1891,Female,Engineer,2
633,1734,Female,Teacher,2
374,1827,Male,Developer,4
313,1492,Male,Artist,3
254,1565,Female,Engineer,1
600,1025,Female,Developer,3
543,1363,Male,Engineer,2
558,1196,Male,Artist,3
75,1350,Female,Doctor,2
239,1363,Male,Scientist,4
605,1032,Male,Manager,5
855,1478,Male,Scientist,3
385,1583,Male,Manager,4
345,1911,Female,Lawyer,1
158,1262,Female,Engineer,3
497,1662,Female,Lawyer,4
809,1942,Male,Scientist,2
451,1918,Male,Developer,2
65,1942,Male,Designer,1
408,1737,Male,Teacher,2
270,1077,Female,Teacher,3
202,1986,Female,Teacher,1
85,1920,Female,Teacher,3
848,1122,Male,Engineer,2
540,1884,Female,Doctor,4
15,1697,Male,Designer,4
494,1774,Female,Designer,3
616,1973,Female,Manager,4
675,1537,Female,Designer,4
536,1797,Male,Doctor,4
105,1582,Male,Teacher,5
440,1963,Male,Developer,4
460,1219,Male,Manager,2
339,1364,Male,Manager,3
228,1366,Female,Doctor,3
513,1124,Female,Designer,1
615,1385,Male,Lawyer,5
203,1873,Male,Doctor,2
575,1742,Male,Manager,4
668,1672,Female,Teacher,3
964,1695,Female,Lawyer,2
922,1513,Male,Lawyer,3
414,1757,Female,Teacher,3
47,1069,Male,Lawyer,1
889,1708,Male,Scientist,5
243,1461,Male,Doctor,1
287,1391,Female,Doctor,1
985,1467,Female,Engineer,3
496,1546,Male,Scientist,3
677,1374,Female,Scientist,2
787,1119,Male,Manager,5
159,1832,Male,Developer,4
566,1700,Male,Designer,3
689,1814,Male,Developer,3
940,1590,Female,Developer,3
114,1171,Female,Teacher,2
835,1727,Male,Engineer,5
814,1190,Female,Engineer,2
328,1477,Female,Lawyer,5
807,1076,Female,Manager,4
822,1445,Female,Engineer,1
357,1418,Female,Engineer,3
563,1976,Male,Doctor,4
627,1132,Male,Artist,4
375,1269,Male,Manager,5
242,1640,Female,Teacher,2
1,1513,Male,Developer,1
361,1215,Female,Artist,4
492,1621,Female,Lawyer,3
293,1868,Female,Engineer,3
197,1671,Female,Manager,1
464,1207,Male,Engineer,5
780,1391,Male,Scientist,5
270,1008,Female,Developer,5
154,1060,Male,Designer,3
117,1245,Male,Artist,3
655,1589,Female,Lawyer,2
249,1501,Female,Developer,5
695,1473,Female,Doctor,2
879,1959,Female,Teacher,4
261,1035,Male,Artist,4
945,1202,Female,Scientist,3
865,1704,Male,Manager,2
371,1778,Female,Developer,4
873,1917,Female,Doctor,3
901,1392,Male,Developer,2
641,1507,Female,Doctor,5
988,1456,Male,Artist,2
622,1730,Female,Lawyer,2
993,1546,Female,Designer,2
211,1590,Female,Teacher,5
848,1878,Female,Engineer,1
629,1382,Male,Scientist,3
136,1283,Female,Lawyer,1
59,1530,Female,Artist,4
420,1423,Male,Artist,3
345,1662,Female,Teacher,2
501,1432,Female,Engineer,2
868,1972,Male,Artist,2
30,1902,Female,Teacher,4
355,1092,Male,Scientist,3
216,1694,Female,Manager,3
134,1773,Male,Doctor,5
46,1483,Male,Doctor,4
965,1672,Female,Designer,1
506,1622,Female,Designer,3
624,1662,Female,Developer,3
162,1484,Male,Scientist,1
908,1088,Male,Artist,1
272,1402,Male,Engineer,4
475,1050,Male,Teacher,4
467,1501,Male,Designer,4
876,1134,Male,Artist,1
805,1879,Male,Engineer,4
626,1777,Male,Designer,1
867,1548,Male,Artist,5
296,1306,Male,Engineer,3
639,1405,Female,Teacher,1
223,1571,Male,Artist,3
181,1039,Female,Artist,3
383,1985,Female,Manager,3
731,1305,Female,Scientist,5
387,1926,Male,Doctor,1
51,1989,Male,Teacher,2
791,1693,Male,Manager,4
800,1544,Male,Doctor,4
454,1009,Female,Manager,4
378,1434,Male,Designer,5
966,1831,Male,Scientist,4
406,1626,Female,Scientist,1
942,1566,Female,Manager,1
760,1393,Female,Artist,4
184,1312,Male,Teacher,3
300,1583,Male,Doctor,5
941,1675,Female,Doctor,5
822,1085,Male,Developer,5
782,1714,Female,Doctor,1
636,1877,Female,Designer,5
319,1368,Female,Manager,1
445,1460,Male,Manager,4
280,1749,Female,Doctor,2
689,1879,Female,Artist,4
837,1234,Female,Scientist,3
139,1441,Male,Manager,2
87,1758,Female,Doctor,4
924,1204,Female,Teacher,3
816,1340,Female,Artist,1
799,1311,Female,Artist,5
106,1973,Female,Lawyer,4
865,1382,Female,Designer,2
326,1038,Female,Scientist,4
539,1139,Male,Doctor,3
429,1074,Male,Developer,3
2,1530,Female,Scientist,2
785,1134,Female,Engineer,1
820,1719,Female,Doctor,2
879,1136,Female,Teacher,2
823,1230,Male,Developer,2
352,1771,Female,Artist,2
213,1877,Male,Doctor,4
644,1785,Male,Artist,3
764,1993,Male,Designer,3
941,1436,Male,Engineer,1
446,1795,Male,Lawyer,4
442,1583,Male,Scientist,3
335,1927,Female,Developer,4
267,1657,Female,Doctor,5
772,1945,Male,Engineer,4
827,1905,Male,Scientist,3
211,1734,Female,Developer,1
327,1789,Male,Scientist,5
246,1765,Female,Engineer,3
321,1565,Female,Manager,4
856,1983,Male,Lawyer,5
358,1304,Male,Doctor,5
707,1880,Male,Scientist,4
466,1055,Female,Doctor,2
794,1294,Female,Artist,1
729,1977,Female,Manager,5
495,1646,Male,Doctor,2
869,1424,Male,Teacher,3
607,1451,Male,Artist,4
173,1532,Female,Designer,2
521,1071,Female,Scientist,4
714,1461,Female,Artist,4
132,1166,Male,Teacher,3
58,1401,Female,Teacher,4
785,1636,Male,Engineer,5
28,1750,Male,Lawyer,3
206,1954,Male,Engineer,5
880,1574,Female,Teacher,3
697,1472,Male,Lawyer,2
176,1214,Male,Engineer,1
760,1549,Male,Lawyer,5
313,1325,Female,Developer,4
135,1494,Female,Artist,3
422,1620,Female,Lawyer,4
221,1008,Male,Engineer,3
897,1538,Female,Designer,5
601,1791,Female,Artist,1
496,1882,Female,Developer,2
813,1876,Male,Developer,4
529,1338,Male,Developer,1
809,1932,Male,Lawyer,2
596,1379,Female,Scientist,1
381,1888,Male,Designer,4
148,1604,Male,Lawyer,3
392,1242,Female,Lawyer,2
516,1592,Male,Manager,1
464,1563,Female,Engineer,3
580,1489,Male,Manager,5
26,1277,Female,Lawyer,3
739,1628,Male,Engineer,1
738,1825,Male,Lawyer,4
30,1419,Male,Doctor,5
921,1876,Female,Teacher,3
850,1120,Male,Artist,5
327,1685,Male,Lawyer,3
156,1262,Female,Manager,4
549,1350,Male,Developer,5
483,1109,Female,Developer,5
226,1147,Male,Developer,3
530,1973,Male,Artist,1
78,1530,Female,Doctor,5
890,1425,Female,Lawyer,3
511,1616,Female,Artist,3
110,1414,Female,Manager,3
240,1552,Male,Manager,4
867,1462,Male,Lawyer,2
597,1497,Female,Teacher,4
707,1155,Female,Scientist,2
400,1026,Female,Artist,2
771,1574,Female,Artist,3
247,1890,Male,Scientist,2
534,1799,Female,Manager,4
48,1621,Male,Designer,5
709,1237,Male,Developer,4
98,1529,Male,Doctor,3
147,1999,Female,Teacher,1
285,1210,Male,Doctor,2
698,1063,Male,Manager,4
544,1220,Female,Designer,2
546,1668,Male,Artist,3
95,1643,Female,Artist,2
125,1029,Female,Doctor,4
741,1373,Male,Scientist,5
558,1974,Female,Lawyer,4
892,1848,Female,Manager,5
702,1747,Female,Teacher,1
799,1742,Female,Lawyer,3
893,1817,Male,Scientist,4
398,1747,Female,Manager,4
748,1576,Female,Engineer,4
712,1975,Female,Developer,3
770,1298,Female,Designer,3
41,1850,Female,Engineer,2
922,1927,Male,Doctor,4
76,1095,Female,Designer,5
115,1342,Female,Manager,2
355,1259,Male,Teacher,4
145,1781,Male,Developer,1
785,1109,Male,Scientist,3
25,1869,Female,Teacher,2
447,1860,Male,Scientist,3
985,1956,Female,Designer,1
124,1988,Female,Engineer,3
986,1010,Male,Doctor,5
347,1880,Female,Teacher,2
52,1537,Male,Doctor,5
756,1525,Male,Developer,2
325,1396,Female,Doctor,3
900,1795,Female,Teacher,4
914,1750,Female,Developer,5
102,1583,Male,Scientist,5
477,1589,Male,Lawyer,1
131,1163,Female,Lawyer,3
633,1370,Female,Artist,2
663,1199,Male,Doctor,4
941,1586,Male,Scientist,4
144,1569,Female,Manager,2
290,1401,Female,Doctor,5
979,1387,Male,Manager,3
660,1447,Female,Artist,5
46,1698,Female,Artist,3
360,1866,Female,Manager,5
745,1906,Female,Engineer,2
248,1248,Female,Developer,2
305,1107,Male,Lawyer,1
670,1401,Female,Teacher,3
399,1350,Female,Artist,3
478,1057,Male,Lawyer,5
451,1734,Male,Doctor,1
313,1698,Male,Engineer,4
947,1630,Female,Teacher,5
965,1225,Male,Scientist,4
190,1602,Male,Artist,3
458,1705,Female,Designer,3
210,1993,Female,Scientist,3
874,1058,Female,Lawyer,2
257,1323,Female,Doctor,4
513,1308,Male,Doctor,1
73,1219,Female,Manager,1
622,1435,Female,Engineer,2
269,1053,Female,Designer,5
180,1820,Female,Doctor,5
798,1501,Male,Designer,5
540,1184,Female,Lawyer,3
941,1761,Male,Scientist,1
266,1388,Male,Manager,2
6,1172,Female,Developer,2
583,1216,Male,Teacher,2
21,1147,Female,Designer,3
499,1938,Female,Engineer,2
765,1358,Female,Doctor,2
569,1456,Male,Developer,4
421,1476,Male,Engineer,2
713,1601,Female,Engineer,4
862,1080,Female,Manager,5
256,1725,Female,Designer,1
297,1145,Male,Lawyer,4
349,1811,Male,Scientist,2
171,1004,Female,Engineer,4
420,1012,Male,Artist,5
169,1073,Female,Manager,1
85,1049,Male,Teacher,4
255,1212,Male,Manager,2
637,1952,Male,Manager,5
616,1295,Male,Artist,1
802,1811,Male,Engineer,3
634,1852,Male,Scientist,1
855,1383,Female,Manager,1
25,1864,Male,Scientist,3
287,1907,Female,Doctor,2
444,1357,Female,Lawyer,2
362,1317,Male,Artist,3
602,1300,Male,Lawyer,2
65,1581,Male,Doctor,1
845,1627,Female,Doctor,5
84,1441,Male,Engineer,1
148,1466,Female,Artist,4
201,1525,Male,Lawyer,5
240,1457,Female,Doctor,1
347,1258,Male,Designer,5
979,1492,Female,Teacher,3
228,1650,Female,Doctor,1
936,1111,Male,Engineer,1
11,1506,Female,Artist,3
481,1442,Female,Doctor,1
293,1621,Male,Scientist,1
941,1188,Female,Doctor,5
326,1277,Male,Designer,4
267,1851,Male,Doctor,5
536,1704,Female,Engineer,5
739,1030,Male,Manager,1
961,1354,Female,Artist,5
328,1837,Male,Developer,3
184,1479,Female,Artist,4
831,1267,Female,Engineer,4
440,1721,Female,Lawyer,1
902,1125,Female,Artist,3
224,1056,Female,Doctor,3
81,1663,Female,Artist,5
977,1751,Female,Doctor,3
70,1227,Male,Teacher,3
439,1240,Male,Developer,3
816,1067,Female,Designer,5
587,1801,Male,Scientist,1
335,1197,Male,Doctor,5
769,1986,Female,Doctor,2
563,1055,Female,Artist,1
634,1304,Female,Doctor,3
34,1547,Female,Doctor,5
655,1839,Female,Engineer,5
918,1537,Female,Doctor,1
266,1757,Male,Lawyer,5
706,1526,Female,Teacher,1
477,1066,Male,Scientist,1
111,1090,Male,Doctor,4
812,1975,Female,Doctor,4
131,1205,Male,Artist,3
660,1418,Male,Artist,1
990,1344,Male,Doctor,3
22,1588,Male,Teacher,4
943,1608,Female,Lawyer,2
359,1254,Female,Teacher,5
308,1147,Female,Doctor,5
541,1317,Male,Lawyer,4
842,1804,Female,Engineer,3
23,1832,Female,Artist,2
998,1732,Male,Teacher,4
311,1664,Male,Lawyer,2
434,1025,Female,Manager,2
961,1360,Female,Teacher,5
218,1651,Male,Scientist,3
179,1906,Male,Artist,3
413,1274,Female,Doctor,4
570,1711,Male,Artist,1
919,1108,Female,Developer,4
691,1169,Female,Scientist,4
629,1555,Female,Lawyer,5
486,1187,Male,Artist,1
553,1545,Male,Teacher,3
179,1911,Female,Manager,5
857,1336,Male,Designer,4
933,1606,Female,Lawyer,1
862,1981,Female,Teacher,4
528,1721,Female,Artist,4
897,1745,Female,Artist,4
524,1808,Male,Scientist,5
220,1081,Female,Engineer,2
528,1568,Female,Scientist,2
546,1257,Female,Manager,4
603,1884,Male,Scientist,5
835,1501,Male,Teacher,4
344,1841,Male,Designer,5
712,1504,Male,Teacher,4
6,1537,Male,Engineer,3
649,1649,Male,Scientist,3
643,1170,Male,Doctor,3
369,1566,Female,Teacher,1
33,1816,Female,Doctor,1
107,1126,Female,Artist,2
141,1486,Male,Manager,1
506,1585,Female,Doctor,4
512,1382,Female,Lawyer,4
46,1204,Female,Manager,2
425,1414,Female,Lawyer,1
739,1854,Female,Lawyer,5
244,1928,Male,Lawyer,2
69,1460,Male,Developer,1
146,1897,Male,Developer,5
386,1676,Female,Lawyer,1
730,1591,Male,Artist,1
748,1233,Female,Doctor,4
738,1529,Female,Doctor,3
856,1533,Female,Scientist,2
976,1072,Male,Teacher,5
641,1946,Female,Lawyer,2
894,1522,Female,Developer,1
556,1493,Male,Doctor,1
453,1802,Male,Lawyer,1
321,1100,Male,Manager,2
559,1269,Male,Teacher,2
24,1273,Female,Developer,2
909,1514,Male,Designer,4
131,1938,Male,Developer,4
130,1503,Male,Lawyer,4
693,1150,Female,Scientist,5
421,1030,Female,Artist,2
140,1225,Female,Lawyer,2
978,1797,Male,Designer,2
454,1011,Male,Doctor,3
634,1004,Male,Designer,2
301,1636,Male,Doctor,3
958,1375,Female,Teacher,4
169,1650,Female,Developer,2
454,1702,Male,Lawyer,2
223,1657,Male,Artist,3
453,1745,Female,Doctor,3
805,1425,Male,Teacher,4
243,1091,Male,Artist,1
279,1999,Female,Scientist,4
388,1052,Male,Teacher,3
761,1185,Male,Designer,5
790,1190,Male,Designer,5
431,1260,Male,Developer,5
512,1267,Male,Teacher,5
889,1706,Female,Scientist,3
933,1093,Male,Teacher,5
677,1740,Female,Scientist,5
237,1252,Female,Scientist,5
861,1074,Female,Designer,5
92,1644,Female,Engineer,2
323,1465,Male,Manager,5
992,1309,Male,Developer,1
4,1004,Female,Doctor,2
386,1450,Female,Designer,1
102,1667,Male,Designer,3
748,1940,Female,Lawyer,4
808,1695,Female,Doctor,5
412,1382,Female,Artist,2
353,1861,Male,Designer,1
575,1229,Female,Lawyer,5
118,1203,Male,Engineer,2
63,1162,Male,Designer,2
454,1551,Female,Doctor,1
185,1856,Male,Teacher,4
65,1529,Female,Developer,4
180,1670,Female,Developer,3
127,1227,Female,Designer,3
113,1173,Male,Doctor,3
467,1810,Male,Manager,2
79,1508,Male,Manager,1
318,1219,Male,Manager,4
343,1419,Female,Teacher,5
844,1092,Male,Developer,1
114,1004,Male,Artist,4
966,1447,Male,Developer,1
174,1257,Female,Designer,3
324,1449,Male,Doctor,4
428,1237,Male,Lawyer,2
37,1030,Male,Artist,1
863,1197,Male,Manager,5
730,1263,Male,Teacher,3
850,1178,Male,Developer,4
175,1316,Female,Designer,2
1000,1619,Male,Engineer,2
534,1370,Female,Lawyer,3
162,1313,Female,Scientist,4
793,1013,Female,Artist,1
374,1666,Female,Scientist,4
156,1558,Female,Manager,2
837,1036,Female,Engineer,3
526,1647,Male,Artist,3
402,1931,Male,Scientist,2
547,1859,Male,Manager,3
422,1945,Male,Artist,5
323,1724,Male,Lawyer,5
827,1541,Male,Artist,1
652,1786,Female,Developer,3
897,1173,Female,Developer,4
977,1048,Male,Doctor,1
364,1307,Female,Designer,2
190,1535,Female,Lawyer,2
426,1866,Male,Teacher,3
187,1433,Female,Artist,4
348,1570,Male,Manager,2
921,1330,Female,Teacher,1
793,1425,Male,Artist,4
697,1375,Female,Lawyer,4
982,1834,Male,Teacher,1
569,1660,Female,Artist,3
302,1689,Female,Developer,3
420,1202,Male,Teacher,5
371,1826,Male,Designer,1
66,1252,Male,Designer,2
880,1504,Male,Artist,3
982,1681,Male,Teacher,4
68,1686,Male,Doctor,2
579,1380,Female,Artist,5
528,1642,Male,Scientist,5
861,1227,Male,Teacher,4
655,1446,Male,Designer,1
318,1979,Male,Engineer,2
843,1715,Female,Doctor,5
502,1559,Male,Designer,4
720,1129,Male,Engineer,2
813,1763,Female,Scientist,3
760,1942,Female,Doctor,4
701,1869,Female,Developer,5
711,1348,Male,Teacher,4
460,1670,Male,Developer,1
763,1859,Female,Lawyer,1
760,1817,Male,Manager,5
745,1544,Male,Manager,5
433,1059,Female,Artist,5
795,1040,Male,Artist,3
98,1946,Female,Designer,5
231,1821,Female,Teacher,4
622,1146,Female,Scientist,2
515,1774,Female,Lawyer,2
712,1867,Male,Scientist,5
986,1185,Male,Designer,3
659,1658,Male,Artist,5
323,1830,Male,Engineer,4
738,1993,Male,Doctor,5
198,1346,Male,Manager,1
732,1156,Female,Teacher,4
863,1623,Male,Engineer,2
552,1987,Female,Doctor,4
539,1293,Female,Developer,3
192,1470,Female,Teacher,5
132,1866,Male,Scientist,4
976,1067,Male,Lawyer,2
430,1624,Female,Artist,2
463,1850,Male,Teacher,1
609,1755,Male,Developer,4
759,1812,Female,Engineer,2
772,1605,Female,Developer,1
935,1675,Male,Manager,4
624,1516,Male,Doctor,2
927,1305,Female,Doctor,3
532,1718,Male,Doctor,3
122,1344,Male,Lawyer,3
180,1462,Female,Artist,4
221,1774,Female,Scientist,4
494,1217,Female,Doctor,5
276,1620,Female,Scientist,3
934,1478,Male,Manager,1
178,1697,Male,Manager,4
692,1295,Male,Developer,2
256,1666,Male,Artist,1
720,1088,Female,Designer,2
427,1906,Female,Teacher,3
579,1476,Female,Engineer,3
38,1193,Male,Manager,2
109,1802,Female,Developer,2
525,1022,Male,Lawyer,5
742,1974,Female,Artist,1
473,1950,Male,Manager,1
598,1307,Female,Teacher,1
32,1740,Female,Engineer,3
7,1828,Male,Teacher,4
451,1908,Male,Teacher,5
518,1054,Male,Engineer,3
414,1904,Female,Designer,3
245,1648,Male,Lawyer,1
294,1342,Female,Doctor,4
16,1273,Male,Teacher,3
240,1769,Female,Lawyer,4
43,1403,Male,Doctor,2
509,1502,Male,Doctor,4
358,1086,Male,Developer,3
912,1414,Female,Manager,4
334,1050,Female,Teacher,2
241,1182,Female,Designer,4
506,1611,Male,Scientist,5
392,1434,Female,Engineer,4
714,1403,Male,Manager,5
297,1176,Female,Designer,2
913,1978,Male,Artist,3
398,1315,Female,Designer,3
412,1897,Female,Engineer,4
246,1029,Female,Artist,1
265,1491,Male,Scientist,3
262,1730,Female,Developer,1
144,1270,Male,Designer,3
63,1547,Female,Doctor,1
561,1370,Male,Teacher,2
888,1680,Female,Lawyer,3
227,1774,Male,Artist,1
768,1754,Female,Manager,2
941,1619,Male,Engineer,5
446,1251,Male,Engineer,2
144,1131,Female,Teacher,3
804,1154,Male,Manager,3
837,1220,Female,Doctor,4
733,1084,Male,Engineer,3
165,1538,Female,Scientist,5
501,1808,Male,Scientist,4
133,1061,Male,Doctor,4
326,1283,Female,Doctor,2
303,1873,Male,Designer,5
330,1706,Female,Lawyer,2
102,1219,Male,Scientist,1
707,1149,Male,Engineer,4
759,1152,Female,Designer,5
437,1771,Female,Engineer,4
401,1872,Male,Developer,1
627,1411,Female,Developer,1
795,1254,Female,Artist,4
522,1105,Male,Designer,3
151,1176,Female,Lawyer,1
964,1126,Female,Developer,4
692,1201,Female,Doctor,2
956,1100,Male,Teacher,3
641,1420,Female,Scientist,4
393,1931,Female,Manager,1
19,1138,Female,Designer,4
513,1851,Male,Lawyer,5
835,1057,Male,Scientist,5
401,1628,Female,Lawyer,4
853,1559,Female,Lawyer,4
128,1815,Female,Designer,4
242,1060,Female,Developer,1
327,1193,Male,Lawyer,1
785,1979,Male,Artist,4
141,1226,Female,Artist,1
371,1506,Female,Engineer,1
34,1690,Male,Engineer,2
403,1478,Female,Artist,1
978,1828,Female,Lawyer,3
584,1137,Female,Manager,3
237,1799,Male,Manager,4
465,1325,Male,Teacher,1
56,1043,Male,Manager,1
399,1138,Male,Lawyer,4
941,1423,Male,Lawyer,5
67,1994,Male,Scientist,4
34,1039,Female,Artist,4
89,1904,Male,Artist,3
801,1071,Female,Designer,2
275,1052,Female,Developer,1
724,1165,Female,Lawyer,5
125,1227,Male,Engineer,4
164,1360,Female,Artist,4
604,1375,Female,Doctor,2
256,1471,Female,Doctor,4
597,1748,Female,Designer,5
42,1019,Male,Engineer,5
245,1832,Female,Developer,3
365,1334,Male,Artist,4
793,1305,Male,Doctor,3
497,1184,Male,Lawyer,3
412,1837,Male,Lawyer,2
42,1331,Male,Designer,1
260,1875,Male,Scientist,2
584,1065,Male,Lawyer,4
598,1037,Female,Developer,5
549,1037,Male,Engineer,4
210,1481,Male,Artist,5
872,1764,Female,Lawyer,2
283,1787,Female,Teacher,2
346,1966,Female,Artist,1
500,1359,Male,Scientist,1
139,1761,Female,Designer,2
711,1860,Male,Manager,1
205,1856,Male,Teacher,5
590,1954,Female,Teacher,3
990,1823,Female,Engineer,4
858,1524,Female,Manager,3
993,1929,Male,Designer,1
104,1292,Female,Lawyer,1
102,1716,Female,Teacher,2
447,1380,Female,Developer,3
648,1647,Female,Manager,2
758,1273,Male,Teacher,2
450,1640,Male,Teacher,3
921,1698,Male,Developer,1
764,1177,Female,Designer,3
38,1394,Female,Artist,5
547,1938,Female,Teacher,3
790,1815,Male,Scientist,3
405,1681,Male,Developer,1
947,1200,Male,Manager,2
21,1579,Male,Designer,5
844,1101,Male,Doctor,4
867,1862,Male,Scientist,1
568,1922,Female,Artist,5
155,1073,Female,Scientist,3
856,1124,Male,Manager,3
736,1449,Female,Designer,5
317,1238,Female,Lawyer,1
805,1677,Female,Developer,2
337,1440,Male,Lawyer,1
689,1219,Male,Designer,3
98,1386,Male,Designer,2
57,1278,Male,Engineer,3
649,1254,Female,Doctor,5
626,1448,Male,Doctor,2
133,1250,Male,Artist,4
761,1254,Female,Doctor,3
256,1440,Female,Developer,2
722,1628,Female,Scientist,4
922,1387,Male,Developer,5
254,1614,Female,Artist,5
725,1088,Female,Developer,4
431,1888,Male,Teacher,3
715,1380,Male,Engineer,5
444,1079,Female,Teacher,3
227,1003,Male,Developer,2
754,1731,Male,Manager,1
267,1990,Female,Doctor,4
157,1504,Male,Lawyer,4
600,1030,Male,Teacher,4
784,1039,Female,Teacher,4
426,1898,Male,Lawyer,1
231,1429,Female,Doctor,1
598,1341,Female,Designer,3
457,1426,Female,Developer,2
362,1245,Female,Developer,4
174,1113,Male,Engineer,4
872,1492,Female,Manager,5
66,1880,Female,Manager,3
771,1885,Male,Doctor,1
151,1017,Female,Scientist,3
363,1076,Female,Scientist,3
634,1393,Male,Artist,2
865,1255,Male,Doctor,4
143,1870,Male,Artist,1
200,1166,Male,Scientist,4
633,1200,Male,Lawyer,2
681,1541,Male,Designer,3
819,1337,Male,Doctor,1
965,1062,Female,Developer,2
193,1719,Female,Lawyer,4
75,1850,Female,Scientist,5
349,1067,Female,Lawyer,5
592,1851,Female,Doctor,5
101,1181,Male,Lawyer,2
478,1176,Female,Designer,3
290,1318,Male,Designer,2
950,1466,Female,Lawyer,2
750,1905,Female,Teacher,5
40,1256,Male,Teacher,3
53,1626,Male,Designer,1
881,1060,Male,Developer,5
57,1237,Female,Doctor,2
450,1416,Male,Manager,1
440,1754,Female,Manager,4
366,1266,Female,Scientist,3
486,1745,Male,Scientist,1
733,1305,Male,Scientist,4
419,1093,Female,Doctor,1
677,1663,Male,Manager,2
704,1064,Female,Teacher,4
106,1375,Male,Developer,5
692,1716,Female,Designer,5
116,1684,Male,Doctor,3
23,1484,Male,Engineer,5
397,1877,Female,Teacher,3
126,1536,Male,Artist,3
779,1552,Female,Manager,3
451,1498,Female,Designer,1
582,1178,Male,Artist,1
388,1065,Female,Lawyer,1
808,1557,Female,Doctor,1
420,1534,Female,Manager,2
951,1469,Male,Manager,2
128,1525,Female,Developer,1
604,1515,Female,Doctor,1
589,1929,Male,Developer,5
525,1196,Female,Doctor,4
371,1999,Female,Teacher,3
302,1345,Female,Developer,3
252,1268,Female,Engineer,3
343,1283,Male,Designer,4
612,1777,Female,Artist,2
532,1889,Female,Artist,1
597,1478,Male,Teacher,2
481,1188,Male,Lawyer,1
441,1754,Female,Designer,2
322,1107,Female,Artist,3
362,1509,Female,Developer,1
2,1021,Female,Scientist,4
333,1115,Female,Engineer,2
1,1194,Female,Developer,4
554,1191,Female,Teacher,4
817,1032,Male,Manager,1
764,1377,Male,Developer,3
273,1312,Male,Scientist,3
984,1812,Female,Manager,4
679,1709,Male,Designer,5
758,1330,Female,Scientist,4
774,1134,Female,Designer,5
76,1870,Female,Scientist,1
32,1924,Male,Doctor,3
845,1201,Female,Doctor,1
352,1142,Male,Designer,1
25,1902,Female,Scientist,3
6,1579,Female,Designer,1
249,1697,Female,Teacher,2
731,1086,Male,Manager,1
622,1394,Male,Teacher,1
930,1551,Male,Lawyer,2
921,1605,Female,Engineer,5
406,1188,Male,Doctor,5
167,1175,Male,Doctor,2
965,1667,Female,Developer,3
598,1472,Female,Scientist,1
631,1581,Female,Engineer,4
683,1738,Female,Manager,5
828,1895,Female,Engineer,1
136,1781,Male,Developer,2
144,1656,Male,Designer,3
944,1128,Female,Doctor,2
955,1448,Male,Developer,3
35,1826,Female,Engineer,4
956,1134,Male,Lawyer,2
242,1047,Male,Scientist,3
90,1273,Female,Developer,3
853,1716,Male,Teacher,4
76,1429,Female,Engineer,5
979,1680,Female,Manager,4
338,1081,Female,Lawyer,3
388,1057,Male,Designer,4
124,1819,Female,Designer,5
362,1433,Male,Lawyer,1
353,1465,Male,Scientist,1
466,1292,Female,Engineer,1
902,1154,Female,Developer,1
182,1428,Male,Developer,1
155,1261,Female,Lawyer,2
57,1434,Male,Scientist,3
935,1680,Female,Doctor,3
328,1458,Female,Teacher,3
953,1838,Male,Artist,4
241,1318,Female,Scientist,1
26,1860,Female,Scientist,4
143,1107,Female,Scientist,4
915,1580,Female,Engineer,4
645,1256,Female,Teacher,5
166,1539,Male,Developer,1
564,1663,Female,Doctor,5
573,1818,Female,Teacher,1
173,1817,Male,Designer,4
201,1067,Male,Manager,4
453,1043,Male,Scientist,5
277,1057,Male,Doctor,4
343,1916,Female,Designer,3
511,1717,Female,Developer,4
43,1411,Male,Lawyer,3
721,1093,Female,Artist,3
614,1298,Male,Lawyer,5
198,1968,Female,Designer,1
891,1844,Male,Scientist,5
642,1370,Female,Designer,2
379,1779,Male,Lawyer,1
976,1680,Female,Developer,2
54,1863,Male,Teacher,4
28,1843,Male,Teacher,4
805,1975,Female,Engineer,4
438,1591,Female,Artist,4
738,1791,Female,Designer,4
847,1920,Male,Developer,5
761,1190,Female,Manager,5
482,1362,Female,Doctor,5
868,1669,Male,Manager,5
978,1600,Male,Lawyer,4
229,1529,Female,Lawyer,2
794,1984,Male,Scientist,1
546,1334,Female,Scientist,2
160,1233,Female,Doctor,3
166,1268,Female,Artist,3
123,1420,Male,Lawyer,3
109,1184,Female,Lawyer,5
995,1143,Male,Manager,1
379,1506,Male,Doctor,1
933,1195,Female,Artist,3
715,1593,Female,Teacher,4
609,1524,Female,Engineer,1
38,1306,Female,Manager,2
932,1790,Male,Manager,4
298,1668,Female,Lawyer,4
423,1869,Male,Developer,3
517,1438,Female,Engineer,2
985,1265,Male,Designer,5
697,1883,Female,Designer,2
837,1023,Male,Artist,2
800,1433,Female,Designer,3
139,1092,Male,Teacher,2
249,1843,Female,Scientist,5
543,1418,Female,Engineer,3
428,1111,Female,Lawyer,2
253,1448,Female,Engineer,2
866,1098,Female,Doctor,1
800,1948,Male,Engineer,4
875,1951,Female,Developer,5
60,1546,Female,Scientist,2
406,1312,Male,Engineer,3
236,1385,Female,Artist,1
795,1852,Male,Designer,2
378,1092,Male,Manager,1
136,1912,Male,Developer,1
472,1673,Female,Manager,4
92,1289,Female,Lawyer,4
609,1776,Female,Teacher,1
581,1703,Female,Engineer,1
89,1174,Female,Developer,5
93,1037,Female,Engineer,5
432,1949,Male,Manager,5
433,1756,Female,Lawyer,5
266,1773,Female,Developer,3
629,1898,Female,Scientist,2
439,1758,Male,Developer,4
58,1011,Male,Developer,2
283,1342,Female,Developer,1
720,1820,Female,Developer,1
307,1353,Female,Doctor,1
329,1675,Male,Artist,4
574,1031,Male,Scientist,3
918,1666,Female,Manager,4
428,1662,Male,Scientist,3
541,1244,Female,Engineer,3
695,1976,Female,Designer,2
204,1358,Male,Engineer,4
585,1460,Female,Lawyer,2
843,1482,Male,Developer,5
768,1085,Male,Manager,1
449,1012,Female,Scientist,1
873,1013,Female,Developer,1
850,1084,Female,Scientist,5
221,1746,Female,Doctor,4
814,1982,Female,Lawyer,5
690,1119,Male,Developer,4
304,1602,Male,Doctor,2
15,1400,Male,Designer,1
383,1519,Female,Designer,2
155,1909,Female,Scientist,5
676,1678,Female,Manager,2
219,1238,Male,Designer,1
42,1580,Female,Designer,1
147,1434,Male,Scientist,2
129,1887,Male,Designer,5
441,1216,Female,Designer,5
730,1508,Male,Doctor,5
8,1463,Female,Developer,2
84,1969,Female,Designer,4
282,1076,Male,Designer,3
287,1414,Female,Scientist,5
561,1316,Female,Designer,2
115,1923,Female,Manager,5
555,1399,Female,Teacher,1
946,1983,Female,Engineer,4
758,1494,Male,Developer,5
881,1937,Male,Engineer,2
44,1206,Male,Artist,3
402,1387,Female,Manager,5
643,1217,Female,Manager,5
517,1108,Male,Artist,2
483,1375,Female,Manager,1
944,1371,Female,Engineer,4
464,1803,Male,Designer,2
284,1494,Female,Engineer,3
848,1581,Male,Scientist,4
934,1601,Female,Artist,2
858,1523,Male,Lawyer,5
859,1829,Male,Teacher,2
298,1065,Male,Artist,1
768,1939,Male,Engineer,4
856,1573,Male,Artist,2
847,1873,Male,Engineer,5
341,1102,Female,Scientist,2
786,1607,Female,Doctor,5
119,1932,Female,Doctor,2
82,1522,Male,Artist,5
713,1826,Female,Scientist,1
496,1649,Female,Teacher,2
597,1258,Female,Designer,2
959,1129,Male,Engineer,3
571,1753,Female,Teacher,2
288,1776,Female,Teacher,2
712,1018,Female,Lawyer,3
249,1987,Female,Doctor,3
137,1136,Male,Scientist,2
757,1988,Female,Developer,3
347,1256,Male,Lawyer,4
503,1293,Female,Artist,5
839,1259,Female,Scientist,1
782,1325,Female,Designer,1
232,1496,Female,Developer,2
260,1439,Female,Manager,3
329,1464,Male,Designer,1
568,1669,Female,Scientist,3
521,1122,Female,Manager,4
811,1216,Male,Manager,1
156,1988,Male,Lawyer,2
60,1889,Female,Scientist,3
8,1076,Female,Engineer,2
754,1471,Female,Scientist,4
513,1154,Male,Developer,1
42,1924,Female,Artist,1
109,1705,Female,Lawyer,5
116,1436,Female,Artist,3
105,1842,Female,Manager,2
588,1946,Male,Manager,5
743,1584,Female,Doctor,2
173,1410,Female,Designer,3
489,1642,Male,Doctor,4
35,1670,Female,Scientist,1
450,1680,Female,Teacher,2
74,1081,Male,Scientist,4
904,1170,Male,Designer,1
804,1678,Male,Manager,3
871,1302,Male,Artist,3
82,1043,Male,Artist,3
162,1351,Male,Lawyer,2
251,1858,Male,Teacher,3
539,1941,Female,Teacher,4
553,1021,Female,Artist,4
133,1944,Female,Engineer,4
159,1648,Female,Engineer,4
836,1587,Male,Manager,3
13,1513,Female,Lawyer,5
56,1067,Female,Engineer,2
644,1783,Male,Developer,2
201,1346,Male,Artist,5
21,1745,Male,Manager,4
532,1713,Male,Teacher,4
13,1023,Male,Designer,3
722,1725,Female,Developer,1
475,1867,Female,Artist,2
503,1531,Male,Manager,5
909,1515,Female,Artist,2
552,1433,Male,Teacher,5
322,1609,Male,Teacher,1
890,1778,Male,Manager,5
903,1002,Female,Teacher,2
545,1276,Male,Doctor,3
566,1452,Female,Engineer,2
406,1645,Female,Scientist,2
181,1393,Female,Doctor,5
891,1901,Female,Developer,3
613,1423,Female,Scientist,3
101,1291,Female,Engineer,3
218,1572,Male,Teacher,3
752,1485,Female,Lawyer,5
177,1977,Female,Teacher,5
559,1964,Male,Teacher,2
950,1637,Female,Lawyer,4
408,1959,Male,Doctor,1
463,1581,Female,Developer,4
175,1499,Female,Artist,5
715,1760,Female,Engineer,2
657,1054,Female,Doctor,5
411,1395,Male,Artist,2
988,1989,Male,Teacher,5
735,1886,Male,Developer,2
728,1583,Female,Developer,4
291,1943,Female,Doctor,4
897,1814,Female,Scientist,5
478,1703,Female,Artist,1
332,1123,Male,Artist,3
616,1702,Female,Doctor,2
108,1954,Female,Engineer,5
293,1826,Male,Doctor,1
895,1047,Female,Manager,2
646,1609,Female,Lawyer,5
391,1184,Female,Lawyer,3
760,1655,Male,Developer,3
498,1618,Female,Teacher,2
233,1072,Male,Designer,4
715,1795,Male,Scientist,3
300,1483,Female,Doctor,5
424,1867,Male,Engineer,4
937,1801,Male,Artist,1
877,1835,Female,Developer,1
177,1113,Female,Lawyer,4
779,1699,Male,Scientist,4
111,1889,Male,Artist,5
309,1737,Male,Engineer,4
298,1504,Male,Artist,5
504,1725,Female,Designer,1
469,1018,Male,Doctor,3
396,1809,Female,Artist,2
562,1300,Female,Manager,1
226,1937,Male,Teacher,3
593,1065,Male,Manager,5
297,1797,Female,Doctor,3
609,1507,Female,Manager,1
588,1386,Male,Designer,2
653,1957,Male,Doctor,3
858,1288,Male,Artist,2
486,1528,Female,Lawyer,3
59,1493,Male,Manager,3
948,1088,Male,Developer,3
866,1109,Female,Artist,3
851,1289,Male,Designer,2
575,1878,Female,Lawyer,3
358,1080,Male,Scientist,3
792,1001,Female,Artist,5
690,1070,Female,Artist,1
887,1249,Male,Developer,3
253,1513,Male,Scientist,5
371,1807,Male,Doctor,1
321,1908,Male,Designer,3
277,1098,Female,Designer,2
785,1661,Female,Developer,1
686,1819,Male,Engineer,3
777,1662,Male,Doctor,3
364,1149,Male,Manager,2
969,1802,Female,Doctor,5
446,1481,Male,Artist,1
703,1582,Female,Doctor,3
892,1197,Male,Artist,5
503,1758,Male,Doctor,1
760,1251,Female,Teacher,2
326,1098,Female,Artist,4
67,1078,Female,Developer,2
440,1912,Female,Manager,4
933,1771,Female,Manager,5
563,1340,Female,Artist,2
812,1724,Female,Lawyer,3
930,1639,Female,Teacher,4
151,1373,Female,Artist,3
385,1549,Female,Designer,5
444,1752,Female,Doctor,3
632,1919,Male,Lawyer,3
917,1556,Female,Teacher,3
280,1157,Male,Developer,1
58,1864,Female,Scientist,4
192,1316,Female,Teacher,2
708,1491,Male,Teacher,2
248,1258,Female,Artist,1
5,1790,Female,Teacher,2
23,1238,Male,Doctor,4
50,1056,Male,Teacher,5
447,1105,Male,Scientist,5
380,1325,Female,Teacher,5
638,1573,Female,Lawyer,2
545,1905,Male,Teacher,3
363,1259,Female,Engineer,1
858,1142,Male,Scientist,1
932,1440,Male,Scientist,1
551,1404,Male,Designer,5
656,1186,Female,Teacher,3
908,1230,Male,Developer,4
9,1439,Female,Teacher,2
7,1355,Female,Doctor,5
516,1042,Female,Doctor,1
708,1568,Female,Engineer,3
121,1274,Female,Engineer,3
38,1868,Male,Scientist,4
377,1714,Female,Teacher,1
936,1708,Male,Artist,3
704,1519,Female,Designer,3
792,1506,Female,Scientist,5
757,1200,Male,Engineer,3
85,1748,Female,Designer,3
934,1974,Female,Designer,5
218,1650,Male,Engineer,2
720,1929,Female,Developer,5
421,1465,Female,Scientist,2
110,1529,Female,Teacher,3
400,1030,Male,Doctor,5
720,1585,Female,Engineer,3
114,1873,Female,Developer,3
101,1998,Male,Developer,4
56,1445,Male,Scientist,2
97,1582,Female,Lawyer,3
823,1617,Male,Designer,2
886,1950,Male,Manager,1
538,1964,Female,Doctor,1
632,1404,Female,Scientist,1
467,1732,Male,Lawyer,4
806,1386,Male,Lawyer,2
527,1496,Male,Lawyer,4
560,1721,Male,Designer,3
870,1579,Female,Lawyer,2
840,1502,Female,Scientist,2
847,1852,Male,Artist,1
548,1089,Female,Designer,4
455,1600,Male,Lawyer,2
709,1594,Female,Manager,4
562,1905,Female,Teacher,5
842,1452,Male,Manager,3
712,1396,Male,Designer,3
372,1110,Male,Engineer,1
80,1224,Male,Doctor,4
747,1898,Male,Doctor,4
976,1864,Female,Manager,4
243,1951,Male,Designer,5
41,1202,Female,Manager,5
716,1333,Male,Designer,3
1000,1100,Female,Scientist,2
338,1310,Female,Teacher,5
417,1703,Female,Scientist,3
737,1791,Male,Manager,5
755,1838,Female,Doctor,2
860,1457,Male,Developer,1
719,1290,Female,Engineer,5
339,1073,Female,Engineer,4
368,1898,Male,Doctor,3
78,1461,Female,Teacher,3
181,1113,Male,Scientist,1
620,1206,Female,Engineer,5
807,1616,Female,Artist,1
578,1277,Female,Developer,5
978,1812,Male,Lawyer,4
645,1797,Female,Designer,5
661,1423,Female,Designer,3
814,1730,Female,Artist,2
367,1375,Female,Doctor,3
729,1971,Male,Developer,1
566,1642,Male,Scientist,5
582,1337,Male,Scientist,5
285,1877,Female,Lawyer,3
279,1161,Female,Doctor,2
121,1026,Female,Engineer,2
384,1635,Female,Engineer,4
758,1234,Male,Engineer,4
954,1635,Male,Teacher,1
370,1584,Female,Teacher,5
544,1551,Male,Artist,3
845,1993,Female,Engineer,5
509,1716,Male,Doctor,2
561,1882,Male,Artist,4
546,1965,Male,Developer,3
332,1968,Female,Developer,2
339,1452,Male,Teacher,3
862,1530,Male,Lawyer,3
45,1051,Female,Lawyer,5
806,1814,Male,Scientist,2
830,1225,Male,Scientist,5
97,1901,Male,Teacher,1
996,1319,Male,Engineer,3
770,1057,Male,Artist,1
980,1708,Female,Artist,2
675,1741,Male,Scientist,4
63,1063,Male,Engineer,4
339,1574,Female,Designer,3
452,1517,Male,Doctor,2
437,1639,Female,Manager,2
430,1180,Male,Designer,2
117,1857,Female,Artist,3
250,1150,Male,Artist,3
428,1745,Male,Artist,1
834,1613,Female,Scientist,2
321,1377,Female,Lawyer,2
936,1979,Male,Manager,5
307,1315,Female,Lawyer,4
522,1373,Female,Manager,4
217,1174,Female,Designer,4
864,1565,Male,Artist,2
832,1650,Female,Scientist,2
993,1489,Female,Lawyer,5
365,1302,Male,Lawyer,1
910,1924,Female,Developer,4
652,1638,Male,Doctor,3
559,1135,Female,Manager,3
527,1794,Female,Engineer,2
428,1393,Male,Developer,3
978,1434,Male,Manager,2
927,1043,Female,Teacher,3
53,1732,Female,Designer,3
309,1065,Male,Designer,4
335,1801,Male,Lawyer,3
290,1710,Male,Manager,3
535,1295,Male,Scientist,5
299,1441,Female,Artist,5
43,1503,Female,Developer,5
611,1921,Female,Developer,3
599,1218,Female,Manager,3
938,1937,Male,Manager,3
213,1693,Male,Scientist,1
717,1218,Male,Doctor,1
799,1892,Male,Developer,2
764,1491,Male,Scientist,1
435,1629,Female,Scientist,2
705,1494,Female,Manager,5
435,1082,Male,Lawyer,4
409,1957,Male,Artist,4
194,1352,Male,Scientist,5
799,1676,Female,Designer,2
719,1066,Female,Engineer,5
331,1768,Female,Artist,2
323,1312,Female,Engineer,1
179,1161,Female,Scientist,2
552,1207,Male,Engineer,5
309,1368,Male,Developer,3
352,1551,Female,Developer,4
692,1647,Male,Doctor,2
481,1798,Male,Artist,2
108,1068,Male,Designer,3
772,1445,Female,Artist,5
386,1963,Male,Artist,2
386,1594,Male,Artist,1
907,1695,Female,Teacher,4
197,1227,Female,Manager,4
262,1648,Female,Developer,5
567,1795,Female,Lawyer,1
143,1562,Male,Doctor,5
769,1314,Female,Developer,3
70,1161,Female,Artist,1
555,1050,Male,Teacher,3
583,1250,Female,Manager,4
668,1589,Male,Lawyer,1
630,1747,Male,Teacher,1
892,1220,Male,Manager,4
672,1695,Male,Scientist,2
366,1785,Female,Doctor,3
543,1037,Female,Lawyer,5
508,1743,Male,Artist,3
322,1468,Male,Teacher,5
76,1922,Female,Developer,2
713,1668,Male,Doctor,3
112,1785,Female,Artist,3
866,1061,Male,Scientist,5
617,1536,Female,Doctor,4
294,1420,Male,Artist,2
611,1709,Female,Manager,3
710,1626,Female,Designer,5
890,1656,Male,Engineer,5
684,1993,Male,Doctor,5
78,1355,Male,Doctor,5
593,1601,Male,Designer,3
615,1248,Female,Designer,5
828,1937,Female,Designer,4
210,1857,Male,Engineer,1
633,1471,Male,Developer,2
825,1565,Male,Designer,4
739,1651,Male,Teacher,2
760,1270,Male,Engineer,4
112,1178,Male,Engineer,3
951,1579,Female,Manager,3
165,1532,Male,Developer,2
387,1076,Male,Lawyer,3
179,1559,Male,Developer,5
856,1100,Female,Manager,2
999,1013,Female,Manager,3
4,1618,Female,Developer,5
206,1838,Female,Teacher,2
49,1609,Male,Doctor,4
629,1909,Female,Scientist,1
453,1505,Female,Teacher,2
821,1057,Male,Developer,2
365,1549,Male,Scientist,5
796,1593,Male,Teacher,2
162,1981,Female,Designer,1
274,1660,Female,Lawyer,4
29,1518,Female,Manager,4
977,1186,Female,Manager,4
747,1141,Male,Engineer,2
573,1279,Male,Manager,1
326,1246,Male,Artist,4
968,1238,Male,Scientist,3
2,1935,Female,Designer,2
824,1414,Male,Doctor,4
672,1860,Male,Teacher,3
177,1992,Female,Developer,1
350,1717,Female,Lawyer,3
73,1432,Female,Developer,2
740,1465,Female,Scientist,2
91,1218,Male,Designer,2
935,1288,Female,Manager,1
390,1343,Female,Scientist,1
931,1347,Female,Doctor,1
619,1445,Male,Scientist,5
746,1082,Female,Manager,5
45,1529,Female,Scientist,5
718,1344,Female,Artist,3
967,1098,Male,Scientist,2
510,1560,Female,Doctor,1
143,1011,Male,Doctor,4
889,1262,Female,Lawyer,3
670,1385,Male,Artist,2
104,1856,Female,Designer,5
599,1195,Female,Scientist,5
342,1219,Male,Teacher,4
578,1833,Male,Teacher,1
487,1803,Female,Designer,2
986,1046,Female,Developer,5
29,1466,Male,Developer,5
320,1473,Male,Artist,4
5,1052,Male,Engineer,4
900,1762,Male,Manager,5
900,1751,Female,Scientist,2
634,1402,Male,Scientist,5
297,1322,Female,Teacher,1
471,1062,Female,Engineer,1
298,1953,Male,Doctor,1
813,1800,Male,Doctor,1
363,1226,Male,Manager,5
149,1712,Female,Doctor,4
334,1922,Female,Artist,2
188,1723,Male,Doctor,3
748,1621,Female,Artist,5
138,1186,Male,Scientist,5
23,1500,Female,Engineer,1
19,1836,Male,Scientist,2
617,1676,Male,Developer,5
577,1142,Female,Lawyer,2
257,1528,Female,Engineer,2
665,1985,Male,Designer,3
645,1243,Female,Artist,2
43,1254,Female,Artist,1
683,1340,Female,Developer,2
27,1930,Female,Doctor,1
931,1105,Male,Manager,3
505,1478,Female,Teacher,2
867,1134,Female,Scientist,5
902,1558,Female,Developer,5
55,1821,Female,Manager,1
333,1739,Female,Artist,3
846,1454,Male,Manager,5
295,1256,Female,Doctor,4
453,1696,Male,Scientist,5
381,1219,Female,Manager,5
397,1339,Female,Doctor,5
694,1516,Female,Artist,3
207,1727,Male,Artist,3
108,1299,Female,Scientist,4
711,1678,Male,Artist,1
111,1589,Female,Engineer,4
273,1510,Male,Doctor,5
250,1358,Female,Developer,2
80,1390,Male,Manager,5
488,1283,Male,Scientist,1
707,1658,Male,Artist,4
691,1181,Male,Lawyer,4
856,1379,Female,Lawyer,4
692,1100,Female,Designer,3
905,1064,Female,Lawyer,3
755,1096,Male,Doctor,3
665,1520,Female,Lawyer,1
126,1843,Female,Developer,2
908,1406,Male,Developer,2
312,1345,Female,Doctor,4
379,1570,Male,Designer,3
320,1022,Male,Manager,4
327,1212,Male,Doctor,3
341,1944,Female,Manager,4
2,1435,Male,Developer,2
335,1401,Male,Teacher,1
470,1352,Male,Scientist,1
951,1084,Female,Teacher,4
695,1024,Female,Developer,2
825,1567,Female,Designer,5
478,1888,Male,Designer,2
626,1178,Male,Engineer,3
944,1311,Female,Manager,2
679,1041,Female,Manager,3
557,1809,Female,Artist,5
99,1592,Female,Manager,1
444,1452,Female,Manager,1
924,1492,Female,Scientist,5
848,1152,Male,Manager,2
330,1572,Female,Manager,3
639,1422,Female,Engineer,4
610,1795,Male,Scientist,1
629,1171,Female,Artist,4
205,1244,Female,Designer,4
633,1055,Female,Designer,5
120,1934,Female,Engineer,1
410,1311,Male,Designer,1
117,1095,Male,Doctor,2
387,1340,Male,Developer,5
877,1665,Male,Designer,1
776,1664,Female,Teacher,2
530,1383,Male,Designer,3
829,1747,Male,Designer,1
728,1588,Female,Scientist,4
114,1155,Male,Designer,3
150,1571,Female,Scientist,2
51,1101,Male,Manager,4
534,1708,Male,Designer,2
967,1696,Male,Scientist,3
620,1879,Female,Doctor,3
751,1735,Male,Manager,2
465,1087,Female,Teacher,5
343,1914,Female,Lawyer,4
52,1863,Female,Lawyer,1
517,1477,Male,Artist,5
51,1396,Male,Scientist,4
374,1813,Female,Artist,2
465,1464,Male,Artist,1
729,1659,Female,Designer,4
883,1925,Male,Developer,5
460,1758,Female,Developer,3
491,1544,Female,Artist,3
694,1262,Female,Engineer,1
38,1494,Female,Doctor,4
195,1638,Male,Lawyer,5
343,1635,Male,Doctor,3
974,1099,Female,Doctor,2
428,1155,Male,Manager,5
534,1708,Female,Designer,1
983,1096,Male,Engineer,2
295,1482,Female,Designer,2
610,1768,Male,Developer,4
141,1102,Male,Artist,4
25,1111,Male,Manager,2
865,1199,Male,Teacher,5
901,1088,Female,Doctor,3
251,1450,Male,Scientist,2
963,1379,Female,Scientist,4
598,1715,Male,Designer,1
811,1945,Female,Engineer,4
623,1710,Female,Manager,1
209,1515,Female,Doctor,1
419,1570,Male,Doctor,4
738,1929,Female,Engineer,1
969,1250,Female,Developer,3
365,1887,Male,Scientist,5
552,1672,Female,Designer,2
891,1587,Female,Manager,2
237,1330,Male,Lawyer,1
312,1666,Female,Lawyer,5
829,1913,Male,Teacher,1
422,1083,Female,Developer,2
823,1331,Female,Lawyer,5
378,1268,Male,Doctor,1
227,1919,Female,Artist,2
514,1404,Male,Lawyer,4
731,1313,Male,Engineer,5
236,1665,Female,Artist,5
812,1314,Male,Teacher,5
775,1248,Male,Artist,4
335,1286,Male,Engineer,4
978,1193,Female,Doctor,3
733,1110,Female,Teacher,2
515,1674,Female,Lawyer,4
661,1592,Female,Lawyer,3
727,1633,Female,Lawyer,2
43,1075,Female,Teacher,3
344,1965,Female,Manager,5
168,1856,Female,Lawyer,4
381,1089,Female,Engineer,1
328,1799,Male,Developer,5
171,1216,Female,Teacher,1
503,1224,Female,Lawyer,4
199,1838,Male,Lawyer,4
589,1645,Male,Manager,5
906,1699,Female,Manager,3
884,1968,Female,Engineer,4
288,1821,Male,Engineer,2
564,1040,Female,Manager,1
496,1782,Female,Designer,5
955,1091,Male,Teacher,4
731,1788,Female,Designer,1
127,1154,Female,Designer,1
786,1002,Female,Scientist,4
478,1371,Female,Manager,4
855,1655,Male,Teacher,5
796,1755,Male,Scientist,3
728,1276,Female,Lawyer,5
873,1957,Female,Engineer,1
305,1947,Male,Doctor,4
471,1110,Female,Teacher,4
334,1238,Male,Designer,2
865,1045,Male,Lawyer,5
223,1171,Male,Developer,2
774,1251,Male,Teacher,5
291,1432,Male,Doctor,2
792,1624,Female,Developer,4
382,1070,Female,Scientist,2
226,1234,Male,Designer,4
497,1257,Female,Teacher,1
918,1291,Male,Teacher,5
493,1163,Male,Artist,3
221,1469,Male,Developer,1
189,1895,Male,Doctor,1
148,1640,Male,Teacher,2
991,1810,Female,Developer,2
136,1207,Male,Lawyer,1
559,1217,Male,Manager,2
233,1730,Male,Lawyer,5
881,1992,Male,Manager,5
212,1692,Male,Scientist,2
340,1632,Female,Lawyer,5
200,1474,Male,Lawyer,1
968,1963,Female,Doctor,4
822,1609,Male,Lawyer,1
718,1337,Female,Scientist,5
328,1915,Male,Teacher,3
241,1548,Female,Lawyer,2
11,1998,Male,Doctor,2
603,1434,Female,Scientist,1
219,1005,Male,Artist,3
920,1084,Female,Developer,5
415,1671,Female,Doctor,1
464,1684,Female,Doctor,1
131,1355,Male,Manager,3
996,1897,Male,Manager,2
267,1379,Male,Manager,4
442,1403,Male,Teacher,2
583,1431,Female,Manager,1
830,1009,Female,Designer,4
386,1772,Female,Artist,5
878,1294,Male,Engineer,5
623,1069,Male,Teacher,3
337,1473,Female,Developer,1
821,1101,Female,Teacher,3
971,1360,Female,Scientist,1
850,1152,Female,Doctor,4
795,1770,Female,Developer,3
340,1989,Female,Designer,4
925,1019,Female,Developer,5
921,1100,Female,Designer,3
779,1940,Male,Lawyer,5
992,1002,Female,Artist,4
527,1855,Female,Developer,5
423,1814,Male,Teacher,3
370,1095,Male,Manager,4
476,1910,Female,Teacher,1
31,1742,Male,Lawyer,4
469,1836,Male,Teacher,3
375,1903,Female,Designer,3
881,1586,Male,Lawyer,3
101,1002,Male,Designer,2
423,1432,Female,Designer,4
952,1224,Male,Designer,2
147,1892,Female,Designer,3
517,1219,Female,Artist,2
119,1218,Female,Artist,4
55,1626,Male,Engineer,2
45,1592,Male,Manager,2
840,1687,Male,Doctor,1
905,1209,Female,Lawyer,5
2,1548,Female,Artist,2
648,1864,Female,Teacher,1
939,1197,Male,Manager,1
278,1040,Female,Teacher,5
724,1652,Male,Lawyer,3
542,1194,Male,Engineer,4
306,1122,Female,Lawyer,5
412,1576,Male,Teacher,1
923,1973,Female,Artist,5
297,1824,Male,Designer,5
302,1914,Male,Manager,5
621,1932,Male,Designer,2
879,1169,Female,Designer,1
13,1052,Male,Scientist,4
492,1371,Male,Teacher,3
126,1204,Male,Teacher,1
789,1391,Female,Manager,5
670,1793,Female,Artist,4
469,1545,Female,Doctor,1
381,1640,Male,Manager,2
399,1430,Male,Developer,2
149,1012,Female,Teacher,5
873,1612,Female,Lawyer,2
740,1216,Female,Doctor,5
127,1392,Male,Doctor,4
974,1935,Female,Developer,3
906,1711,Female,Doctor,4
504,1465,Female,Engineer,3
789,1760,Female,Engineer,2
713,1586,Female,Engineer,5
102,1542,Male,Lawyer,4
519,1744,Female,Designer,1
867,1888,Male,Teacher,3
553,1014,Male,Doctor,5
881,1295,Male,Manager,3
73,1707,Female,Teacher,2
433,1592,Male,Engineer,2
254,1111,Female,Developer,2
106,1465,Male,Developer,3
13,1334,Female,Scientist,4
985,1958,Male,Doctor,3
505,1439,Female,Lawyer,2
72,1634,Male,Designer,4
37,1200,Female,Engineer,2
455,1931,Female,Lawyer,3
630,1142,Female,Scientist,4
188,1720,Male,Scientist,3
883,1253,Female,Developer,3
125,1589,Male,Designer,4
772,1046,Male,Artist,1
669,1730,Female,Engineer,1
693,1798,Female,Teacher,1
933,1098,Male,Doctor,5
91,1811,Female,Manager,5
451,1045,Female,Developer,3
678,1318,Male,Artist,4
101,1524,Male,Manager,1
603,1573,Male,Doctor,1
621,1373,Female,Designer,4
575,1937,Male,Developer,5
737,1573,Male,Teacher,3
817,1744,Female,Scientist,1
205,1427,Male,Manager,2
884,1991,Male,Manager,5
255,1070,Male,Doctor,5
837,1621,Male,Manager,3
865,1164,Male,Designer,2
791,1083,Female,Scientist,5
188,1317,Male,Manager,1
405,1496,Male,Teacher,3
361,1352,Female,Designer,4
396,1152,Male,Doctor,3
732,1015,Male,Scientist,5
794,1691,Male,Artist,5
164,1555,Female,Developer,1
724,1009,Male,Lawyer,5
740,1525,Female,Teacher,2
99,1360,Male,Artist,2
782,1261,Male,Manager,4
938,1031,Male,Designer,5
619,1904,Female,Doctor,4
627,1590,Male,Designer,4
630,1179,Male,Doctor,4
785,1180,Male,Designer,3
687,1265,Female,Manager,4
984,1749,Male,Doctor,2
40,1696,Female,Manager,1
357,1656,Female,Manager,5
136,1514,Male,Artist,1
123,1766,Male,Engineer,1
668,1512,Male,Lawyer,4
445,1326,Female,Doctor,4
606,1820,Male,Doctor,3
368,1649,Male,Lawyer,1
784,1714,Female,Lawyer,5
688,1578,Male,Artist,5
850,1017,Female,Artist,5
780,1886,Female,Engineer,2
786,1082,Male,Scientist,1
73,1928,Female,Engineer,4
761,1522,Female,Scientist,3
161,1482,Male,Scientist,3
393,1034,Female,Lawyer,5
74,1936,Female,Doctor,5
629,1355,Female,Teacher,2
920,1509,Female,Developer,1
756,1996,Female,Developer,2
654,1329,Male,Teacher,4
415,1155,Male,Artist,4
249,1998,Female,Designer,1
353,1996,Female,Artist,5
805,1195,Female,Designer,1
911,1630,Female,Teacher,3
788,1575,Male,Lawyer,2
660,1840,Female,Doctor,5
627,1170,Male,Lawyer,4
972,1173,Male,Artist,4
618,1625,Female,Engineer,5
233,1845,Female,Developer,2
583,1331,Female,Developer,1
188,1786,Male,Designer,2
947,1027,Male,Developer,1
130,1965,Female,Lawyer,5
400,1049,Male,Scientist,2
775,1577,Female,Engineer,3
312,1903,Female,Lawyer,1
359,1918,Female,Designer,3
600,1779,Male,Artist,4
710,1049,Male,Scientist,3
977,1701,Male,Engineer,2
735,1759,Female,Doctor,3
504,1792,Male,Developer,5
734,1096,Female,Designer,2
818,1325,Female,Developer,4
589,1410,Female,Scientist,4
837,1814,Female,Artist,5
905,1810,Male,Developer,4
554,1084,Female,Developer,3
377,1207,Female,Manager,5
228,1253,Female,Scientist,4
233,1429,Male,Scientist,4
934,1699,Female,Developer,4
368,1944,Female,Manager,2
656,1350,Male,Doctor,5
770,1869,Male,Doctor,4
157,1249,Male,Engineer,5
865,1910,Female,Designer,5
991,1884,Male,Developer,2
492,1557,Male,Developer,2
238,1168,Female,Doctor,4
798,1452,Male,Scientist,4
917,1648,Male,Developer,4
334,1110,Female,Scientist,2
656,1518,Female,Teacher,4
613,1815,Male,Scientist,5
543,1371,Female,Developer,3
870,1305,Female,Doctor,5
511,1088,Female,Designer,5
143,1033,Male,Developer,5
874,1432,Male,Scientist,2
131,1235,Male,Doctor,1
834,1696,Female,Scientist,1
281,1037,Female,Artist,3
512,1493,Male,Engineer,5
142,1102,Male,Engineer,5
11,1410,Female,Doctor,2
635,1556,Female,Designer,2
894,1917,Male,Engineer,3
562,1270,Female,Scientist,3
13,1508,Female,Scientist,5
36,1896,Female,Teacher,2
320,1673,Female,Designer,3
730,1624,Female,Scientist,5
790,1754,Male,Lawyer,1
218,1643,Male,Developer,4
112,1211,Female,Doctor,5
619,1791,Female,Scientist,1
633,1151,Female,Engineer,5
704,1184,Female,Doctor,1
216,1851,Male,Developer,3
48,1914,Male,Teacher,3
836,1633,Female,Teacher,1
273,1460,Female,Artist,2
13,1350,Female,Artist,1
793,1932,Male,Scientist,5
987,1018,Female,Manager,5
206,1096,Female,Manager,2
732,1873,Male,Artist,5
441,1764,Female,Artist,2
152,1284,Female,Artist,4
959,1634,Female,Developer,2
944,1837,Male,Artist,2
401,1074,Male,Engineer,3
889,1094,Female,Artist,2
455,1061,Male,Teacher,1
274,1626,Female,Designer,1
418,1165,Female,Manager,4
78,1081,Female,Teacher,5
400,1481,Male,Lawyer,5
468,1389,Female,Artist,4
542,1004,Male,Scientist,5
270,1437,Female,Manager,5
985,1323,Male,Engineer,5
990,1875,Male,Scientist,2
247,1500,Female,Designer,2
940,1592,Female,Teacher,3
288,1488,Female,Lawyer,4
14,1159,Male,Developer,3
33,1676,Male,Engineer,1
916,1415,Female,Scientist,4
590,1825,Female,Manager,3
940,1589,Female,Scientist,4
624,1420,Female,Designer,3
509,1612,Male,Designer,3
549,1245,Male,Engineer,4
159,1278,Female,Scientist,3
86,1106,Female,Teacher,4
859,1762,Female,Doctor,4
503,1175,Male,Scientist,5
281,1665,Female,Developer,1
393,1031,Female,Developer,1
86,1821,Female,Artist,5
416,1042,Male,Engineer,2
593,1107,Male,Developer,2
935,1523,Male,Lawyer,1
944,1995,Male,Developer,4
855,1096,Female,Designer,4
887,1077,Male,Developer,5
302,1389,Female,Doctor,1
620,1560,Female,Teacher,4
139,1284,Female,Doctor,4
76,1123,Male,Manager,1
123,1453,Female,Artist,2
60,1485,Female,Developer,1
219,1454,Female,Teacher,4
3,1703,Female,Engineer,4
27,1992,Female,Designer,4
295,1712,Female,Designer,5
312,1937,Male,Doctor,2
519,1677,Male,Artist,5
838,1959,Female,Scientist,3
689,1368,Male,Designer,3
629,1549,Female,Engineer,2
298,1303,Female,Engineer,1
711,1686,Male,Doctor,5
766,1701,Male,Artist,3
216,1920,Male,Manager,3
770,1495,Female,Doctor,2
9,1135,Male,Developer,3
375,1740,Male,Lawyer,3
264,1809,Female,Doctor,2
331,1478,Male,Manager,1
460,1548,Male,Doctor,2
799,1125,Male,Lawyer,4
14,1373,Female,Developer,2
559,1497,Female,Artist,1
911,1099,Male,Developer,2
19,1582,Male,Lawyer,2
352,1342,Male,Artist,3
213,1305,Male,Lawyer,5
884,1460,Female,Scientist,5
839,1450,Male,Scientist,3
203,1702,Female,Artist,2
21,1950,Male,Lawyer,3
637,1010,Female,Artist,2
493,1011,Male,Doctor,4
896,1909,Male,Doctor,2
747,1843,Female,Developer,1
495,1384,Male,Developer,3
22,1247,Female,Manager,5
238,1921,Male,Artist,5
787,1508,Male,Designer,5
49,1089,Female,Artist,4
805,1628,Male,Developer,5
323,1687,Female,Designer,4
750,1327,Male,Developer,1
626,1611,Female,Doctor,1
864,1285,Male,Developer,3
905,1057,Male,Artist,4
414,1616,Male,Scientist,4
373,1353,Male,Artist,1
430,1189,Male,Designer,5
53,1417,Male,Scientist,4
339,1772,Male,Engineer,2
651,1364,Male,Engineer,3
902,1787,Female,Artist,5
475,1494,Male,Scientist,3
342,1708,Male,Developer,3
41,1778,Male,Artist,2
759,1328,Male,Doctor,5
950,1156,Female,Engineer,3
50,1577,Female,Lawyer,5
661,1783,Female,Developer,1
508,1566,Male,Doctor,5
533,1839,Male,Designer,5
849,1025,Female,Designer,2
504,1114,Female,Manager,1
982,1625,Female,Lawyer,1
577,1076,Female,Doctor,2
601,1615,Female,Lawyer,3
676,1296,Male,Manager,4
35,1969,Female,Scientist,4
336,1976,Female,Artist,1
26,1955,Female,Designer,1
468,1254,Male,Doctor,1
611,1272,Female,Developer,2
637,1778,Female,Doctor,1
93,1837,Female,Developer,5
75,1204,Male,Designer,5
391,1918,Male,Doctor,3
330,1709,Male,Engineer,2
471,1161,Female,Teacher,4
9,1998,Female,Teacher,2
442,1871,Male,Developer,1
77,1406,Female,Designer,1
465,1255,Male,Lawyer,5
303,1679,Male,Manager,4
953,1265,Male,Scientist,4
815,1262,Male,Engineer,5
279,1351,Female,Designer,1
709,1115,Female,Manager,4
601,1330,Male,Engineer,2
504,1840,Male,Manager,2
120,1486,Male,Teacher,3
28,1025,Male,Designer,1
582,1285,Male,Scientist,2
602,1336,Male,Lawyer,2
52,1428,Male,Doctor,2
185,1749,Male,Lawyer,5
832,1251,Male,Manager,1
142,1262,Male,Engineer,1
549,1674,Female,Doctor,1
725,1762,Male,Lawyer,2
864,1492,Male,Developer,2
80,1725,Male,Lawyer,4
498,1464,Male,Designer,4
556,1301,Male,Doctor,3
278,1598,Female,Engineer,2
735,1771,Male,Artist,1
217,1938,Female,Engineer,3
992,1578,Male,Lawyer,1
218,1470,Male,Teacher,4
224,1778,Female,Scientist,5
787,1148,Female,Designer,5
301,1406,Female,Doctor,2
331,1664,Female,Teacher,5
952,1135,Female,Artist,1
572,1546,Male,Teacher,3
46,1993,Male,Manager,1
590,1139,Male,Doctor,4
131,1023,Male,Scientist,3
553,1522,Male,Scientist,1
634,1119,Male,Engineer,1
3,1054,Male,Designer,2
615,1151,Male,Developer,5
381,1296,Female,Manager,4
918,1924,Female,Manager,5
514,1530,Female,Manager,1
360,1668,Male,Lawyer,3
250,1503,Male,Manager,4
782,1558,Female,Artist,2
857,1826,Male,Engineer,4
868,1879,Male,Lawyer,1
675,1978,Male,Teacher,2
194,1355,Female,Manager,1
644,1313,Female,Engineer,4
398,1187,Male,Doctor,3
917,1385,Male,Designer,4
452,1727,Female,Artist,1
544,1902,Male,Designer,3
510,1045,Female,Scientist,1
329,1150,Female,Engineer,1
499,1751,Female,Teacher,3
712,1913,Male,Teacher,5
821,1287,Female,Designer,2
312,1596,Male,Engineer,5
889,1703,Female,Doctor,5
93,1327,Male,Manager,3
98,1296,Female,Manager,3
949,1067,Female,Teacher,3
589,1799,Male,Scientist,2
357,1665,Male,Scientist,4
138,1111,Male,Lawyer,3
410,1552,Male,Developer,3
843,1151,Female,Developer,3
158,1592,Female,Engineer,1
57,1408,Male,Manager,2
934,1458,Male,Artist,5
322,1685,Male,Teacher,5
509,1427,Female,Doctor,1
48,1012,Male,Artist,5
316,1779,Male,Manager,1
530,1412,Female,Artist,2
499,1141,Female,Manager,4
599,1136,Female,Artist,5
200,1712,Female,Manager,4
688,1614,Male,Artist,4
687,1821,Female,Teacher,1
993,1048,Male,Scientist,5
581,1363,Female,Teacher,2
315,1132,Female,Developer,3
855,1565,Female,Designer,4
451,1925,Female,Scientist,2
730,1747,Female,Engineer,3
850,1933,Male,Scientist,3
649,1964,Male,Artist,5
551,1564,Male,Designer,2
2,1452,Male,Scientist,5
346,1877,Male,Developer,3
803,1429,Male,Lawyer,5
584,1399,Female,Engineer,5
481,1476,Male,Scientist,4
629,1320,Female,Engineer,4
222,1334,Male,Artist,5
120,1215,Female,Teacher,2
132,1925,Female,Doctor,5
692,1475,Female,Developer,2
788,1745,Female,Scientist,2
994,1847,Female,Doctor,5
479,1183,Female,Developer,1
69,1023,Female,Developer,3
5,1545,Male,Doctor,4
597,1850,Male,Engineer,5
261,1670,Male,Lawyer,1
926,1494,Female,Manager,4
71,1349,Male,Designer,3
171,1602,Female,Manager,1
200,1677,Female,Artist,2
486,1858,Female,Artist,3
307,1281,Male,Designer,1
697,1231,Female,Lawyer,2
290,1238,Male,Doctor,1
369,1268,Male,Artist,3
101,1170,Female,Developer,2
421,1229,Female,Scientist,4
559,1693,Male,Engineer,1
874,1745,Female,Teacher,1
818,1265,Male,Manager,4
666,1198,Female,Doctor,5
744,1995,Male,Doctor,5
84,1846,Male,Developer,2
576,1991,Male,Manager,3
253,1048,Female,Doctor,5
63,1272,Female,Manager,2
821,1334,Male,Engineer,5
561,1759,Female,Engineer,5
22,1029,Female,Scientist,3
643,1700,Female,Engineer,2
637,1237,Female,Developer,5
111,1421,Male,Scientist,3
962,1512,Male,Artist,5
569,1800,Male,Teacher,1
9,1716,Female,Designer,3
712,1036,Male,Scientist,3
158,1039,Male,Doctor,1
880,1781,Female,Artist,4
165,1770,Female,Scientist,3
852,1464,Male,Doctor,4
198,1811,Female,Manager,4
398,1606,Female,Engineer,2
720,1511,Female,Developer,2
763,1152,Male,Manager,4
270,1365,Female,Designer,5
489,1960,Female,Designer,4
647,1489,Male,Lawyer,4
426,1862,Female,Teacher,3
7,1089,Male,Scientist,1
351,1484,Male,Scientist,3
733,1622,Female,Scientist,5
384,1187,Female,Engineer,3
578,1462,Male,Scientist,4
890,1138,Female,Lawyer,2
759,1128,Female,Developer,3
403,1778,Male,Manager,4
633,1777,Female,Teacher,2
108,1658,Female,Artist,2
512,1897,Male,Teacher,1
476,1475,Male,Designer,3
374,1274,Male,Manager,2
695,1786,Female,Engineer,3
572,1059,Female,Manager,3
255,1150,Female,Manager,4
237,1727,Male,Artist,1
845,1827,Male,Manager,1
636,1045,Male,Doctor,3
485,1931,Female,Designer,1
706,1447,Male,Developer,2
581,1637,Male,Lawyer,5
553,1127,Male,Teacher,4
157,1843,Female,Lawyer,1
937,1986,Female,Scientist,4
269,1544,Male,Engineer,3
784,1511,Female,Manager,2
626,1925,Male,Doctor,3
936,1385,Female,Lawyer,3
806,1980,Male,Engineer,1
847,1755,Male,Lawyer,3
515,1765,Male,Manager,3
172,1539,Female,Doctor,5
289,1930,Female,Lawyer,5
281,1639,Male,Designer,3
416,1629,Female,Designer,4
156,1458,Female,Developer,4
217,1661,Male,Manager,3
657,1291,Male,Lawyer,4
535,1652,Female,Lawyer,3
656,1084,Male,Artist,5
593,1400,Female,Doctor,2
516,1637,Female,Artist,4
925,1031,Female,Designer,1
375,1048,Male,Developer,4
278,1148,Female,Artist,3
584,1521,Male,Designer,2
559,1019,Male,Manager,2
89,1621,Male,Engineer,2
636,1170,Female,Lawyer,1
669,1552,Female,Teacher,3
684,1687,Female,Doctor,2
569,1039,Male,Manager,5
771,1481,Female,Doctor,3
93,1718,Female,Designer,5
501,1667,Female,Engineer,3
719,1402,Female,Lawyer,5
314,1992,Female,Manager,1
409,1023,Female,Artist,5
289,1779,Female,Scientist,1
162,1150,Female,Scientist,1
470,1221,Female,Designer,1
34,1303,Male,Manager,4
728,1484,Male,Scientist,3
501,1965,Male,Artist,3
352,1023,Male,Lawyer,3
509,1229,Female,Scientist,5
402,1403,Female,Designer,5
209,1589,Male,Teacher,1
510,1485,Male,Developer,3
820,1629,Male,Teacher,4
920,1575,Female,Developer,1
144,1817,Male,Lawyer,5
956,1303,Female,Scientist,1
539,1273,Female,Lawyer,2
16,1122,Female,Doctor,1
316,1089,Male,Manager,4
240,1836,Male,Scientist,2
812,1444,Male,Designer,5
374,1674,Female,Teacher,1
312,1985,Female,Lawyer,2
556,1953,Male,Engineer,5
592,1827,Female,Teacher,5
982,1646,Female,Artist,2
8,1726,Female,Lawyer,4
411,1156,Male,Lawyer,5
320,1572,Female,Developer,3
871,1132,Male,Artist,3
576,1321,Female,Engineer,1
664,1218,Male,Engineer,4
281,1555,Male,Artist,3
70,1523,Female,Developer,3
366,1060,Male,Artist,1
511,1550,Female,Scientist,2
933,1749,Male,Teacher,2
480,1511,Female,Teacher,4
355,1928,Female,Artist,1
604,1097,Male,Teacher,5
388,1426,Female,Doctor,3
747,1935,Male,Lawyer,3
110,1395,Female,Doctor,1
963,1659,Male,Scientist,3
327,1622,Male,Lawyer,4
207,1353,Male,Doctor,4
62,1069,Female,Developer,3
384,1318,Female,Scientist,4
842,1026,Male,Teacher,5
610,1034,Male,Doctor,5
567,1252,Female,Developer,2
924,1490,Female,Lawyer,4
105,1870,Female,Scientist,2
521,1418,Male,Doctor,4
962,1246,Male,Doctor,3
511,1232,Male,Engineer,3
783,1500,Male,Developer,1
52,1948,Male,Designer,3
532,1714,Male,Doctor,1
448,1830,Male,Doctor,5
249,1957,Male,Teacher,1
41,1855,Male,Engineer,1
739,1596,Male,Manager,1
312,1579,Female,Teacher,4
168,1208,Male,Engineer,4
455,1095,Male,Teacher,4
199,1335,Male,Designer,4
542,1612,Female,Designer,1
920,1302,Female,Scientist,4
900,1819,Male,Manager,5
290,1630,Male,Lawyer,5
373,1495,Male,Lawyer,1
31,1417,Male,Artist,5
469,1958,Female,Lawyer,2
513,1085,Female,Developer,2
329,1716,Female,Engineer,4
257,1170,Male,Designer,5
219,1021,Female,Doctor,3
902,1655,Male,Manager,4
159,1592,Male,Manager,1
727,1726,Male,Manager,1
978,1682,Male,Doctor,2
976,1683,Female,Manager,4
84,1554,Male,Teacher,5
470,1646,Male,Lawyer,5
636,1641,Female,Developer,2
696,1010,Female,Artist,5
593,1792,Male,Lawyer,3
217,1029,Male,Artist,1
945,1970,Male,Lawyer,1
532,1937,Male,Designer,1
112,1390,Male,Teacher,4
452,1631,Female,Lawyer,2
973,1298,Female,Teacher,5
257,1795,Male,Artist,3
993,1336,Female,Teacher,4
571,1661,Male,Scientist,5
687,1974,Male,Designer,4
620,1768,Female,Developer,1
523,1977,Male,Manager,5
965,1662,Male,Lawyer,2
723,1490,Male,Lawyer,3
734,1179,Female,Teacher,3
39,1287,Male,Artist,4
469,1935,Male,Lawyer,3
104,1957,Male,Developer,2
881,1467,Male,Lawyer,2
881,1268,Male,Developer,1
103,1982,Female,Designer,2
449,1825,Male,Engineer,3
324,1196,Male,Doctor,1
18,1453,Female,Scientist,4
389,1864,Male,Scientist,2
172,1757,Female,Engineer,4
476,1065,Male,Manager,1
5,1270,Male,Manager,3
621,1912,Female,Lawyer,5
959,1602,Female,Scientist,4
334,1370,Male,Engineer,5
203,1789,Female,Teacher,1
632,1488,Female,Manager,1
801,1006,Male,Designer,2
223,1953,Male,Manager,1
764,1897,Male,Artist,4
867,1962,Female,Designer,2
630,1239,Male,Scientist,2
806,1820,Female,Lawyer,3
11,1385,Female,Engineer,1
508,1025,Female,Scientist,2
132,1267,Female,Scientist,4
767,1743,Male,Engineer,5
599,1211,Male,Developer,1
243,1244,Male,Manager,1
701,1901,Female,Doctor,5
111,1796,Male,Developer,2
293,1034,Female,Teacher,3
122,1045,Male,Scientist,1
753,1470,Male,Doctor,3
60,1261,Female,Developer,5
985,1833,Male,Lawyer,2
763,1507,Female,Designer,2
284,1509,Female,Lawyer,4
777,1973,Male,Teacher,1
668,1049,Female,Doctor,3
251,1177,Male,Scientist,4
383,1102,Female,Lawyer,5
988,1532,Female,Scientist,1
984,1211,Female,Designer,2
786,1479,Male,Designer,4
675,1906,Female,Scientist,3
865,1087,Female,Designer,4
246,1594,Male,Developer,4
414,1472,Female,Manager,3
400,1309,Male,Designer,3
259,1197,Male,Scientist,3
52,1821,Male,Scientist,1
701,1188,Female,Manager,1
102,1491,Male,Engineer,5
585,1029,Female,Lawyer,3
268,1181,Female,Engineer,5
873,1783,Female,Teacher,4
701,1503,Female,Teacher,4
471,1774,Male,Doctor,4
781,1577,Female,Designer,3
911,1842,Female,Teacher,4
822,1732,Male,Designer,3
908,1726,Female,Engineer,2
46,1036,Male,Scientist,5
108,1438,Female,Engineer,1
768,1431,Female,Lawyer,1
565,1825,Male,Teacher,4
626,1984,Female,Doctor,1
136,1132,Female,Designer,4
568,1603,Male,Artist,4
791,1473,Female,Lawyer,4
104,1853,Female,Designer,4
834,1242,Male,Doctor,4
202,1748,Male,Engineer,5
444,1316,Male,Developer,4
26,1299,Female,Teacher,2
476,1553,Male,Artist,1
913,1467,Male,Developer,1
904,1047,Female,Developer,2
509,1535,Male,Manager,4
753,1256,Female,Artist,1
307,1924,Female,Scientist,4
107,1058,Male,Artist,3
417,1818,Female,Artist,1
653,1996,Male,Developer,1
635,1736,Male,Lawyer,3
340,1623,Male,Designer,3
915,1154,Female,Lawyer,5
201,1096,Male,Engineer,4
370,1548,Female,Lawyer,4
275,1493,Male,Manager,2
599,1585,Female,Manager,5
264,1595,Female,Doctor,5
636,1724,Female,Doctor,5
919,1960,Male,Scientist,3
35,1356,Female,Manager,2
382,1291,Male,Teacher,3
247,1703,Female,Designer,2
972,1992,Female,Doctor,4
294,1536,Male,Developer,4
74,1828,Female,Designer,5
984,1493,Male,Teacher,5
507,1603,Male,Doctor,5
898,1602,Female,Engineer,1
608,1183,Male,Lawyer,2
374,1444,Female,Manager,2
672,1021,Female,Teacher,5
584,1949,Female,Engineer,1
697,1554,Female,Lawyer,5
7,1148,Female,Engineer,3
247,1159,Female,Artist,3
850,1196,Male,Manager,1
967,1987,Female,Manager,3
733,1586,Female,Teacher,1
16,1827,Female,Artist,1
556,1660,Female,Doctor,1
749,1550,Female,Scientist,4
896,1398,Female,Designer,5
291,1441,Female,Designer,5
916,1285,Male,Teacher,5
507,1405,Female,Developer,1
122,1584,Female,Doctor,5
128,1001,Female,Teacher,3
882,1419,Female,Designer,2
930,1591,Female,Scientist,5
315,1614,Male,Developer,3
857,1827,Male,Designer,2
983,1979,Male,Lawyer,5
981,1344,Male,Designer,4
496,1083,Female,Engineer,4
565,1203,Male,Developer,1
470,1280,Female,Teacher,2
220,1888,Female,Doctor,1
828,1714,Female,Engineer,4
637,1971,Male,Scientist,2
353,1653,Male,Engineer,3
332,1969,Male,Artist,1
330,1616,Male,Engineer,2
895,1432,Female,Designer,3
333,1188,Male,Artist,5
726,1008,Female,Doctor,3
845,1260,Male,Scientist,2
888,1907,Male,Lawyer,2
234,1946,Male,Teacher,2
685,1744,Female,Lawyer,1
348,1210,Female,Manager,3
347,1682,Male,Scientist,2
817,1191,Female,Doctor,2
641,1538,Female,Scientist,4
926,1192,Male,Doctor,2
553,1385,Female,Artist,4
138,1986,Male,Developer,3
376,1470,Female,Manager,2
573,1189,Male,Artist,2
328,1798,Female,Doctor,1
292,1590,Male,Scientist,4
464,1661,Male,Scientist,1
226,1908,Female,Engineer,3
341,1886,Female,Teacher,3
116,1169,Male,Lawyer,2
200,1602,Male,Artist,5
46,1434,Male,Engineer,5
576,1461,Male,Designer,2
632,1200,Male,Scientist,5
119,1232,Female,Scientist,1
381,1480,Female,Manager,5
542,1257,Female,Teacher,1
13,1026,Male,Lawyer,4
52,1949,Male,Manager,5
663,1150,Male,Manager,2
58,1444,Female,Developer,5
920,1763,Male,Doctor,4
972,1096,Male,Doctor,4
539,1618,Male,Manager,1
277,1826,Female,Developer,2
185,1920,Male,Engineer,5
981,1059,Male,Scientist,2
718,1599,Female,Designer,1
420,1822,Female,Lawyer,5
909,1409,Female,Designer,5
496,1941,Female,Scientist,5
36,1591,Female,Teacher,2
999,1604,Male,Lawyer,5
114,1046,Male,Doctor,5
595,1477,Male,Teacher,5
328,1853,Male,Developer,2
79,1705,Male,Artist,4
939,1575,Female,Scientist,2
42,1835,Female,Manager,3
136,1237,Female,Doctor,3
467,1195,Male,Engineer,2
812,1644,Female,Scientist,3
633,1377,Male,Lawyer,3
86,1263,Female,Engineer,1
195,1640,Female,Developer,1
387,1994,Female,Doctor,3
963,1770,Male,Designer,2
111,1404,Female,Manager,1
489,1424,Male,Teacher,2
23,1830,Male,Scientist,4
190,1918,Female,Artist,2
425,1543,Female,Artist,1
790,1838,Male,Doctor,1
852,1114,Female,Manager,1
852,1117,Female,Designer,2
495,1702,Male,Scientist,4
608,1560,Female,Scientist,5
615,1331,Male,Artist,2
459,1367,Male,Artist,1
862,1931,Male,Doctor,3
441,1398,Female,Scientist,2
243,1642,Male,Designer,4
918,1135,Male,Lawyer,4
415,1933,Male,Teacher,1
145,1945,Female,Doctor,2
490,1433,Female,Engineer,5
663,1713,Male,Developer,4
690,1886,Male,Scientist,2
493,1177,Female,Doctor,3
664,1389,Male,Scientist,2
92,1353,Male,Engineer,3
951,1651,Female,Manager,4
347,1051,Male,Artist,4
575,1167,Male,Engineer,3
19,1735,Male,Doctor,2
428,1351,Female,Designer,4
684,1440,Female,Teacher,2
91,1643,Male,Manager,3
967,1939,Female,Manager,2
160,1826,Male,Designer,1
723,1005,Female,Lawyer,2
981,1918,Female,Artist,1
227,1117,Male,Engineer,4
436,1848,Male,Doctor,5
87,1232,Female,Teacher,5
855,1037,Female,Doctor,4
315,1440,Male,Designer,3
319,1356,Male,Developer,4
714,1528,Female,Engineer,1
419,1087,Male,Engineer,5
761,1603,Female,Designer,1
593,1935,Female,Artist,1
97,1750,Female,Teacher,5
911,1715,Male,Scientist,5
645,1640,Female,Engineer,2
472,1938,Male,Doctor,5
878,1158,Male,Lawyer,2
775,1650,Male,Doctor,2
399,1185,Female,Artist,2
700,1260,Female,Developer,4
817,1483,Male,Designer,2
128,1293,Female,Artist,5
815,1879,Female,Scientist,4
503,1582,Female,Designer,4
751,1543,Male,Teacher,1
144,1269,Male,Designer,5
971,1509,Female,Manager,1
594,1931,Male,Designer,5
887,1570,Female,Engineer,3
825,1431,Female,Artist,5
48,1583,Female,Doctor,5
369,1671,Female,Lawyer,4
244,1233,Male,Scientist,2
548,1607,Female,Doctor,3
914,1530,Female,Lawyer,4
721,1524,Male,Developer,3
607,1527,Female,Manager,1
967,1625,Male,Scientist,1
656,1605,Male,Teacher,3
6,1364,Male,Developer,2
711,1658,Female,Scientist,1
496,1021,Female,Doctor,2
765,1416,Male,Doctor,1
72,1641,Female,Teacher,2
442,1076,Female,Manager,4
53,1631,Female,Artist,5
189,1694,Female,Scientist,3
1,1453,Female,Designer,2
713,1726,Female,Teacher,2
964,1893,Female,Developer,5
667,1458,Male,Teacher,4
633,1272,Male,Engineer,2
562,1046,Female,Lawyer,1
215,1014,Female,Engineer,1
46,1009,Female,Scientist,3
274,1396,Female,Artist,4
643,1928,Male,Teacher,2
878,1157,Male,Developer,4
97,1106,Female,Artist,2
522,1050,Female,Artist,1
942,1610,Male,Lawyer,2
217,1485,Male,Teacher,1
30,1086,Female,Lawyer,2
549,1500,Male,Designer,2
79,1810,Male,Engineer,1
948,1437,Male,Lawyer,3
564,1351,Male,Doctor,3
926,1335,Male,Doctor,5
212,1188,Female,Doctor,3
553,1460,Male,Teacher,4
453,1955,Female,Artist,5
609,1123,Female,Developer,1
578,1409,Male,Teacher,5
500,1307,Female,Engineer,5
82,1946,Female,Developer,2
362,1654,Male,Artist,5
235,1780,Female,Doctor,4
838,1591,Female,Engineer,1
244,1635,Male,Doctor,1
896,1639,Male,Manager,1
960,1842,Male,Doctor,5
97,1464,Female,Engineer,1
792,1705,Female,Artist,5
643,1005,Female,Designer,4
653,1475,Male,Scientist,3
980,1234,Male,Doctor,5
2,1812,Male,Designer,4
262,1829,Male,Lawyer,5
565,1480,Male,Teacher,2
905,1709,Male,Designer,5
594,1784,Female,Artist,5
290,1905,Male,Scientist,3
702,1798,Female,Designer,3
707,1037,Female,Scientist,4
145,1461,Male,Engineer,5
142,1701,Male,Manager,1
956,1429,Female,Engineer,4
801,1185,Male,Scientist,1
258,1317,Female,Manager,5
294,1751,Female,Scientist,2
365,1152,Male,Teacher,5
171,1555,Male,Engineer,1
697,1733,Male,Teacher,3
669,1632,Female,Engineer,1
69,1479,Male,Doctor,5
632,1283,Female,Teacher,2
950,1643,Female,Engineer,1
129,1948,Female,Manager,1
43,1767,Female,Engineer,3
79,1374,Female,Teacher,3
997,1753,Female,Developer,5
891,1621,Female,Teacher,2
991,1319,Female,Scientist,1
562,1552,Female,Artist,3
118,1008,Male,Developer,3
235,1244,Female,Scientist,3
721,1508,Male,Scientist,2
990,1410,Female,Scientist,3
741,1891,Female,Doctor,1
572,1927,Female,Engineer,1
79,1518,Male,Teacher,2
490,1079,Female,Doctor,4
187,1015,Female,Doctor,1
884,1591,Male,Engineer,1
717,1775,Male,Engineer,3
460,1511,Male,Designer,4
653,1445,Male,Artist,5
564,1721,Female,Developer,5
566,1715,Male,Teacher,5
374,1422,Male,Lawyer,2
595,1875,Male,Manager,5
336,1515,Male,Manager,3
122,1272,Female,Engineer,4
583,1657,Male,Scientist,1
618,1946,Male,Lawyer,4
157,1177,Female,Engineer,5
562,1639,Female,Manager,4
848,1900,Female,Designer,5
917,1755,Female,Teacher,4
136,1851,Female,Manager,2
674,1390,Male,Teacher,4
99,1422,Female,Teacher,2
168,1599,Male,Teacher,1
243,1282,Male,Scientist,5
799,1987,Female,Artist,4
161,1300,Male,Artist,5
808,1704,Female,Developer,4
877,1041,Male,Engineer,5
387,1941,Male,Artist,1
12,1363,Male,Designer,5
285,1463,Female,Doctor,4
852,1185,Female,Doctor,1
335,1383,Female,Engineer,4
770,1252,Male,Artist,3
189,1476,Male,Scientist,4
952,1612,Male,Scientist,3
161,1362,Male,Engineer,1
725,1206,Male,Developer,2
592,1743,Male,Artist,2
909,1777,Female,Designer,3
801,1942,Male,Lawyer,2
367,1913,Female,Manager,2
315,1056,Male,Lawyer,1
754,1109,Male,Manager,1
25,1008,Female,Lawyer,3
867,1010,Female,Manager,3
23,1457,Male,Doctor,1
416,1308,Male,Artist,3
662,1005,Male,Scientist,1
718,1288,Female,Teacher,1
798,1520,Male,Artist,5
762,1892,Female,Engineer,2
842,1828,Male,Doctor,3
1000,1743,Female,Scientist,2
470,1568,Male,Scientist,4
134,1084,Male,Doctor,1
694,1128,Female,Lawyer,2
731,1447,Female,Engineer,3
698,1332,Female,Artist,1
841,1724,Female,Lawyer,4
125,1983,Male,Teacher,3
775,1696,Male,Designer,1
487,1835,Male,Doctor,4
490,1083,Female,Manager,4
790,1080,Female,Developer,3
198,1195,Male,Artist,2
846,1697,Male,Doctor,2
625,1041,Female,Developer,4
821,1794,Male,Teacher,4
171,1918,Female,Manager,5
153,1478,Female,Lawyer,3
111,1322,Male,Engineer,1
688,1742,Male,Engineer,1
482,1409,Female,Scientist,1
32,1782,Female,Designer,1
22,1985,Male,Doctor,5
626,1351,Female,Teacher,4
850,1417,Female,Designer,3
256,1205,Male,Engineer,1
886,1682,Female,Doctor,4
820,1388,Female,Teacher,1
365,1595,Female,Manager,4
686,1017,Male,Engineer,1
363,1227,Male,Doctor,4
633,1615,Female,Scientist,1
257,1604,Female,Teacher,1
64,1867,Male,Doctor,1
358,1218,Female,Engineer,1
940,1974,Male,Lawyer,4
620,1082,Female,Teacher,5
482,1607,Female,Teacher,2
147,1873,Male,Lawyer,1
90,1100,Male,Manager,3
106,1209,Female,Designer,3
161,1952,Female,Manager,5
664,1435,Male,Doctor,2
419,1298,Female,Designer,3
407,1429,Male,Designer,3
788,1369,Female,Developer,1
566,1924,Female,Manager,2
865,1832,Female,Designer,3
864,1384,Male,Manager,1
159,1095,Male,Manager,1
438,1717,Female,Lawyer,1
197,1658,Male,Designer,5
304,1264,Female,Doctor,4
795,1074,Male,Designer,3
291,1587,Female,Scientist,1
196,1480,Female,Developer,5
846,1479,Female,Engineer,5
299,1616,Female,Manager,5
606,1839,Male,Designer,4
580,1598,Male,Lawyer,3
272,1490,Male,Scientist,4
851,1298,Male,Artist,2
394,1209,Female,Artist,3
443,1174,Male,Lawyer,2
280,1399,Female,Engineer,5
579,1241,Male,Engineer,5
770,1996,Female,Artist,5
721,1789,Female,Doctor,1
843,1118,Female,Engineer,5
531,1010,Male,Lawyer,3
507,1256,Male,Engineer,3
328,1016,Male,Teacher,4
921,1284,Female,Designer,4
475,1106,Male,Manager,4
391,1616,Male,Engineer,2
311,1847,Female,Scientist,1
575,1045,Female,Artist,4
424,1923,Male,Designer,5
706,1780,Female,Artist,3
503,1553,Male,Teacher,3
361,1137,Male,Scientist,5
755,1800,Male,Doctor,2
1000,1114,Male,Developer,4
330,1398,Female,Engineer,5
46,1507,Female,Doctor,1
411,1845,Female,Developer,2
189,1904,Female,Teacher,2
454,1309,Female,Designer,4
548,1269,Female,Artist,2
875,1103,Female,Developer,5
290,1890,Male,Teacher,4
156,1158,Female,Developer,3
581,1069,Female,Lawyer,2
682,1839,Female,Designer,3
936,1039,Female,Developer,2
786,1260,Female,Artist,5
365,1430,Female,Engineer,4
127,1339,Male,Engineer,5
995,1758,Female,Scientist,5
495,1755,Female,Designer,1
902,1386,Female,Scientist,5
810,1622,Male,Developer,5
969,1808,Male,Teacher,3
826,1348,Male,Engineer,5
227,1493,Male,Lawyer,2
867,1611,Male,Engineer,4
367,1893,Male,Scientist,4
141,1419,Female,Developer,3
601,1750,Female,Engineer,3
748,1547,Male,Developer,3
122,1614,Male,Developer,1
203,1133,Male,Doctor,3
907,1314,Female,Designer,5
849,1655,Male,Artist,5
838,1612,Male,Teacher,4
609,1312,Female,Teacher,5
344,1249,Male,Scientist,2
17,1958,Male,Doctor,5
353,1034,Female,Lawyer,5
207,1001,Male,Manager,5
486,1440,Male,Lawyer,5
140,1195,Female,Engineer,1
10,1412,Female,Manager,3
209,1064,Female,Artist,2
610,1494,Female,Artist,3
277,1122,Female,Doctor,2
200,1022,Male,Teacher,4
538,1289,Male,Doctor,2
16,1615,Male,Manager,5
233,1784,Female,Manager,3
978,1583,Female,Developer,5
270,1788,Male,Designer,1
478,1973,Male,Doctor,4
49,1345,Male,Designer,1
619,1958,Female,Teacher,2
65,1386,Male,Doctor,4
935,1711,Female,Manager,5
222,1731,Male,Scientist,1
447,1937,Female,Engineer,1
135,1963,Female,Developer,4
248,1434,Female,Doctor,2
816,1091,Male,Developer,3
711,1662,Male,Scientist,5
723,1803,Female,Manager,3
508,1955,Female,Lawyer,2
988,1475,Male,Lawyer,4
419,1934,Male,Lawyer,4
321,1675,Male,Doctor,4
631,1089,Male,Doctor,2
500,1903,Male,Designer,5
814,1761,Male,Lawyer,3
414,1915,Male,Doctor,3
309,1866,Female,Scientist,1
841,1070,Male,Doctor,4
159,1704,Male,Developer,4
201,1228,Female,Developer,4
704,1897,Female,Teacher,1
377,1026,Female,Engineer,2
111,1134,Female,Teacher,1
767,1108,Female,Designer,4
169,1478,Male,Doctor,5
408,1710,Female,Artist,4
410,1786,Male,Engineer,3
693,1633,Female,Manager,5
961,1476,Female,Doctor,2
584,1126,Female,Developer,2
48,1026,Female,Designer,1
740,1676,Male,Engineer,5
412,1951,Male,Scientist,1
641,1719,Female,Doctor,3
83,1311,Female,Engineer,2
454,1799,Male,Doctor,1
948,1084,Male,Manager,3
349,1408,Male,Developer,3
19,1061,Female,Lawyer,1
551,1249,Female,Artist,3
815,1599,Male,Doctor,4
288,1954,Male,Teacher,3
56,1440,Male,Designer,2
714,1089,Male,Developer,5
567,1956,Female,Developer,3
867,1969,Male,Artist,2
135,1923,Male,Lawyer,3
679,1993,Male,Lawyer,3
935,1206,Female,Engineer,4
103,1587,Female,Designer,4
25,1815,Female,Lawyer,3
268,1439,Female,Doctor,2
964,1641,Male,Artist,3
403,1251,Female,Scientist,2
221,1095,Female,Lawyer,5
688,1197,Male,Engineer,2
242,1826,Male,Engineer,5
127,1199,Female,Lawyer,4
313,1288,Male,Doctor,3
591,1023,Male,Manager,2
771,1765,Male,Lawyer,3
554,1897,Female,Artist,4
135,1882,Female,Teacher,4
801,1917,Female,Teacher,5
70,1539,Female,Doctor,5
613,1407,Male,Engineer,5
980,1192,Female,Teacher,1
992,1555,Male,Teacher,3
333,1398,Male,Lawyer,4
666,1477,Male,Teacher,4
851,1336,Male,Designer,1
877,1979,Male,Artist,4
751,1574,Female,Designer,3
485,1153,Male,Designer,5
752,1636,Male,Engineer,1
77,1006,Male,Doctor,2
297,1773,Female,Engineer,4
226,1931,Male,Teacher,5
131,1902,Male,Scientist,3
630,1433,Female,Lawyer,4
165,1123,Male,Engineer,2
103,1182,Male,Designer,3
27,1651,Female,Doctor,2
120,1937,Female,Teacher,2
58,1132,Female,Designer,2
274,1696,Female,Artist,5
586,1529,Male,Manager,1
806,1846,Male,Scientist,2
477,1265,Male,Developer,3
352,1883,Female,Engineer,4
264,1294,Male,Lawyer,5
250,1495,Male,Manager,1
305,1182,Female,Engineer,1
321,1382,Male,Manager,2
563,1645,Male,Manager,1
51,1941,Male,Lawyer,3
744,1135,Male,Developer,5
243,1442,Female,Engineer,2
179,1319,Female,Lawyer,5
283,1590,Female,Engineer,4
359,1713,Female,Engineer,5
453,1609,Female,Doctor,1
775,1669,Male,Teacher,5
883,1402,Female,Designer,3
63,1998,Male,Lawyer,5
210,1750,Female,Artist,4
325,1817,Male,Doctor,3
192,1430,Male,Teacher,2
654,1830,Female,Artist,2
106,1896,Male,Scientist,2
818,1229,Male,Artist,1
139,1124,Female,Manager,5
919,1492,Male,Engineer,2
213,1990,Female,Lawyer,5
462,1589,Female,Artist,4
531,1127,Male,Developer,2
850,1883,Female,Artist,1
884,1329,Female,Designer,5
429,1026,Male,Doctor,5
284,1633,Female,Designer,3
513,1845,Male,Developer,2
997,1840,Female,Doctor,1
662,1628,Male,Artist,4
882,1079,Female,Manager,4
903,1764,Female,Scientist,5
5,1997,Male,Manager,1
556,1152,Female,Teacher,1
148,1163,Female,Doctor,2
223,1233,Female,Designer,5
66,1807,Male,Designer,1
405,1874,Female,Lawyer,4
609,1151,Male,Scientist,1
551,1051,Female,Scientist,3
204,1854,Female,Designer,2
606,1403,Male,Engineer,3
909,1020,Male,Designer,1
440,1469,Male,Scientist,5
973,1333,Female,Doctor,5
961,1742,Male,Scientist,2
742,1042,Male,Scientist,1
958,1889,Male,Designer,4
795,1893,Male,Artist,3
162,1989,Female,Manager,5
570,1796,Male,Doctor,3
90,1644,Male,Designer,5
658,1909,Male,Developer,3
700,1746,Male,Lawyer,4
718,1726,Male,Manager,3
280,1442,Female,Artist,3
510,1869,Male,Developer,4
949,1215,Male,Manager,5
880,1191,Female,Artist,1
239,1413,Female,Manager,5
344,1984,Female,Engineer,4
979,1907,Female,Designer,3
337,1924,Male,Developer,2
923,1876,Female,Developer,5
978,1314,Female,Artist,4
815,1016,Female,Doctor,1
419,1613,Male,Teacher,2
755,1660,Male,Teacher,4
293,1638,Male,Doctor,5
40,1902,Male,Designer,3
131,1329,Male,Doctor,5
385,1129,Female,Designer,4
595,1393,Female,Engineer,1
829,1260,Male,Artist,4
959,1172,Male,Developer,3
490,1042,Male,Developer,1
460,1102,Female,Artist,3
574,1835,Male,Scientist,1
321,1594,Male,Developer,1
53,1658,Female,Artist,3
472,1545,Male,Developer,1
637,1483,Female,Doctor,1
459,1646,Female,Artist,5
278,1597,Female,Developer,5
282,1198,Female,Manager,1
368,1469,Male,Lawyer,5
637,1109,Male,Teacher,5
92,1271,Female,Artist,4
743,1048,Female,Artist,4
83,1168,Male,Manager,4
664,1873,Male,Manager,5
879,1169,Female,Designer,4
452,1335,Female,Manager,2
36,1904,Female,Artist,4
402,1867,Female,Lawyer,2
408,1644,Male,Developer,4
143,1188,Male,Manager,4
286,1260,Female,Engineer,1
803,1547,Male,Manager,2
641,1255,Male,Developer,1
263,1563,Female,Manager,2
984,1208,Male,Teacher,5
423,1154,Male,Scientist,5
365,1331,Female,Doctor,5
41,1877,Female,Doctor,3
911,1874,Female,Developer,1
871,1828,Female,Lawyer,1
692,1004,Male,Manager,4
881,1417,Female,Doctor,1
528,1821,Male,Artist,2
397,1275,Male,Manager,3
142,1862,Female,Lawyer,4
128,1350,Male,Teacher,3
677,1512,Male,Teacher,3
977,1215,Male,Developer,1
177,1225,Male,Lawyer,4
1000,1007,Male,Scientist,2
960,1300,Male,Manager,3
444,1251,Male,Engineer,2
537,1250,Female,Scientist,2
747,1340,Female,Manager,2
993,1395,Male,Engineer,3
740,1880,Female,Designer,4
839,1672,Male,Engineer,3
240,1856,Female,Engineer,5
585,1241,Male,Lawyer,4
580,1470,Female,Designer,3
411,1429,Female,Developer,1
868,1460,Female,Lawyer,4
74,1840,Male,Artist,3
263,1560,Male,Designer,2
994,1171,Male,Developer,2
523,1214,Female,Teacher,4
592,1663,Female,Lawyer,4
360,1625,Female,Lawyer,1
7,1863,Male,Developer,4
938,1222,Female,Engineer,4
496,1219,Female,Lawyer,3
250,1242,Female,Scientist,4
858,1805,Male,Doctor,4
768,1220,Male,Lawyer,3
954,1912,Female,Lawyer,2
95,1457,Female,Designer,3
746,1777,Female,Manager,3
549,1634,Male,Developer,1
565,1670,Female,Engineer,5
103,1730,Female,Lawyer,3
94,1542,Female,Manager,5
393,1168,Male,Manager,3
247,1098,Male,Artist,1
11,1031,Female,Engineer,1
208,1104,Female,Designer,5
103,1218,Male,Engineer,4
437,1421,Male,Teacher,5
887,1876,Male,Manager,3
148,1395,Male,Engineer,2
145,1439,Female,Lawyer,4
861,1313,Female,Engineer,3
705,1020,Male,Engineer,4
876,1539,Female,Lawyer,3
816,1310,Male,Engineer,1
563,1590,Female,Doctor,5
826,1961,Male,Designer,1
457,1347,Male,Doctor,4
308,1758,Male,Manager,4
939,1546,Female,Lawyer,4
775,1841,Female,Developer,3
944,1525,Male,Artist,4
877,1048,Female,Engineer,2
489,1327,Female,Artist,1
220,1850,Male,Scientist,5
306,1371,Female,Scientist,1
11,1550,Male,Engineer,1
389,1374,Male,Artist,3
870,1864,Female,Designer,3
618,1480,Female,Scientist,2
53,1355,Male,Artist,5
694,1987,Male,Engineer,1
47,1516,Female,Manager,2
85,1264,Female,Engineer,1
953,1207,Male,Scientist,4
40,1434,Male,Artist,3
471,1846,Female,Developer,3
53,1267,Female,Scientist,2
84,1383,Male,Designer,5
485,1303,Female,Artist,1
857,1127,Female,Doctor,2
337,1897,Male,Scientist,3
245,1038,Male,Engineer,3
955,1278,Male,Manager,5
30,1005,Female,Scientist,3
762,1547,Male,Scientist,4
328,1155,Female,Engineer,2
27,1111,Male,Doctor,5
500,1915,Male,Scientist,4
776,1526,Male,Engineer,3
446,1578,Male,Teacher,5
634,1141,Female,Doctor,2
240,1832,Male,Teacher,2
377,1241,Female,Developer,2
772,1275,Female,Designer,1
338,1796,Female,Designer,3
39,1508,Female,Engineer,4
535,1720,Male,Engineer,1
474,1957,Male,Lawyer,2
907,1363,Male,Developer,1
19,1817,Male,Artist,1
678,1112,Female,Teacher,5
401,1726,Male,Artist,5
515,1335,Male,Engineer,4
689,1153,Female,Artist,5
155,1039,Male,Lawyer,3
208,1132,Female,Artist,2
121,1628,Male,Manager,4
30,1344,Male,Designer,5
934,1648,Female,Doctor,2
417,1754,Male,Lawyer,4
174,1696,Male,Lawyer,5
542,1901,Male,Lawyer,5
475,1324,Female,Scientist,5
993,1866,Male,Doctor,1
168,1134,Male,Designer,4
34,1734,Female,Developer,2
186,1752,Female,Teacher,5
496,1423,Female,Teacher,2
368,1885,Male,Artist,5
125,1366,Male,Teacher,1
988,1899,Male,Designer,1
410,1639,Male,Teacher,2
850,1193,Male,Designer,4
271,1303,Male,Designer,1
625,1647,Male,Artist,4
784,1744,Male,Artist,4
711,1277,Female,Scientist,1
660,1483,Male,Doctor,1
979,1113,Male,Scientist,2
177,1456,Male,Artist,5
733,1277,Male,Developer,2
362,1005,Male,Teacher,1
480,1202,Male,Teacher,2
703,1916,Male,Developer,4
486,1102,Male,Scientist,4
293,1828,Female,Engineer,2
935,1348,Female,Manager,5
831,1438,Male,Manager,5
193,1437,Male,Lawyer,5
263,1967,Female,Artist,1
409,1800,Male,Artist,3
655,1735,Male,Scientist,5
234,1377,Male,Developer,5
236,1143,Female,Doctor,1
832,1974,Female,Artist,5
596,1267,Female,Artist,2
584,1272,Female,Developer,1
864,1278,Female,Manager,5
781,1720,Male,Engineer,2
605,1692,Male,Doctor,4
695,1637,Female,Doctor,2
243,1030,Male,Engineer,1
976,1119,Male,Manager,2
689,1382,Male,Scientist,1
28,1785,Female,Engineer,5
550,1430,Female,Developer,5
314,1713,Male,Artist,4
120,1490,Female,Artist,4
953,1358,Male,Designer,3
19,1325,Male,Doctor,1
883,1448,Male,Designer,5
619,1945,Female,Lawyer,1
151,1902,Male,Scientist,4
672,1580,Female,Doctor,1
16,1848,Female,Engineer,4
229,1593,Male,Manager,4
53,1096,Female,Engineer,3
157,1353,Male,Doctor,2
714,1694,Male,Manager,2
453,1951,Male,Artist,2
46,1600,Male,Artist,4
310,1380,Male,Artist,3
824,1273,Female,Scientist,1
731,1757,Female,Artist,1
592,1608,Female,Doctor,2
342,1490,Male,Engineer,2
212,1209,Male,Lawyer,2
318,1477,Female,Designer,1
596,1495,Female,Teacher,3
95,1326,Male,Teacher,4
255,1847,Male,Doctor,1
450,1480,Male,Manager,2
871,1560,Female,Manager,4
358,1136,Female,Developer,5
983,1211,Male,Engineer,2
320,1932,Female,Engineer,2
20,1658,Male,Doctor,5
787,1032,Male,Developer,3
13,1578,Male,Manager,1
388,1633,Female,Lawyer,2
63,1294,Male,Manager,3
788,1814,Female,Engineer,1
130,1960,Female,Teacher,2
65,1692,Male,Teacher,1
761,1010,Female,Teacher,3
779,1866,Male,Scientist,4
869,1113,Male,Manager,1
842,1847,Male,Artist,1
253,1806,Male,Engineer,3
509,1123,Male,Lawyer,1
972,1266,Female,Lawyer,3
108,1412,Male,Developer,3
618,1536,Female,Developer,5
798,1985,Female,Teacher,1
482,1749,Female,Artist,4
681,1809,Male,Designer,5
750,1480,Female,Developer,3
308,1282,Female,Artist,4
888,1497,Female,Artist,1
836,1538,Male,Artist,4
95,1825,Male,Scientist,3
741,1265,Female,Developer,4
662,1992,Female,Engineer,4
994,1243,Male,Developer,1
603,1370,Female,Engineer,3
661,1641,Male,Teacher,3
464,1689,Female,Scientist,4
967,1456,Male,Developer,4
594,1158,Male,Manager,3
224,1847,Male,Manager,4
487,1929,Female,Doctor,3
192,1023,Female,Manager,5
790,1413,Female,Scientist,4
260,1928,Female,Designer,3
335,1134,Female,Engineer,5
277,1781,Male,Lawyer,2
564,1629,Female,Engineer,2
750,1454,Male,Engineer,3
235,1735,Female,Designer,2
854,1722,Male,Developer,4
566,1433,Female,Manager,5
637,1581,Male,Manager,3
445,1583,Male,Designer,1
522,1317,Female,Doctor,4
220,1405,Female,Lawyer,5
399,1137,Male,Developer,2
384,1478,Female,Lawyer,1
849,1892,Male,Lawyer,2
861,1008,Female,Scientist,4
651,1095,Male,Manager,3
793,1655,Female,Developer,3
607,1339,Male,Engineer,3
456,1128,Female,Lawyer,1
257,1820,Male,Doctor,1
250,1862,Female,Doctor,3
168,1006,Female,Designer,3
334,1832,Male,Scientist,5
495,1901,Male,Scientist,1
667,1041,Male,Doctor,3
628,1784,Male,Engineer,5
475,1509,Female,Engineer,5
954,1767,Male,Teacher,4
852,1107,Female,Developer,3
787,1569,Male,Engineer,3
652,1709,Female,Doctor,2
304,1618,Male,Artist,1
976,1618,Female,Engineer,3
554,1010,Female,Developer,2
596,1015,Male,Designer,2
628,1483,Female,Scientist,1
598,1077,Female,Developer,4
340,1541,Female,Doctor,5
653,1421,Male,Manager,4
128,1449,Female,Teacher,2
844,1836,Female,Engineer,5
26,1570,Male,Engineer,3
34,1045,Male,Artist,2
985,1645,Female,Artist,1
874,1942,Female,Teacher,5
687,1261,Female,Lawyer,5
766,1007,Female,Engineer,1
906,1906,Male,Manager,4
419,1484,Male,Designer,3
370,1999,Male,Engineer,2
416,1414,Male,Artist,1
606,1404,Female,Artist,5
476,1238,Female,Manager,5
989,1400,Male,Developer,2
635,1241,Female,Engineer,5
697,1723,Female,Developer,1
11,1904,Female,Developer,2
791,1874,Male,Designer,5
188,1328,Male,Artist,3
405,1375,Female,Lawyer,1
248,1033,Female,Designer,3
18,1767,Male,Scientist,3
882,1269,Female,Manager,5
187,1081,Female,Manager,4
798,1561,Male,Developer,5
711,1545,Female,Manager,1
516,1656,Male,Scientist,1
309,1972,Female,Doctor,2
316,1651,Female,Doctor,4
219,1656,Male,Designer,3
723,1659,Male,Artist,1
207,1146,Male,Manager,4
409,1294,Female,Manager,2
417,1915,Female,Developer,5
643,1102,Female,Manager,1
740,1074,Male,Teacher,1
762,1289,Female,Engineer,5
575,1297,Male,Doctor,3
93,1404,Female,Scientist,1
145,1032,Male,Designer,5
941,1168,Female,Doctor,4
138,1740,Female,Manager,4
735,1329,Male,Developer,4
685,1989,Female,Teacher,4
171,1374,Male,Developer,3
35,1197,Male,Doctor,2
121,1143,Female,Doctor,2
473,1061,Male,Manager,4
157,1392,Male,Manager,1
297,1621,Male,Engineer,3
841,1764,Female,Designer,2
905,1303,Male,Doctor,1
315,1052,Female,Doctor,1
508,1912,Male,Teacher,1
194,1475,Female,Doctor,5
650,1779,Female,Artist,2
353,1620,Female,Manager,2
632,1238,Male,Manager,5
496,1666,Male,Manager,1
696,1915,Female,Doctor,1
550,1277,Male,Designer,5
267,1629,Female,Designer,2
157,1076,Male,Teacher,3
934,1709,Male,Artist,5
895,1021,Female,Manager,5
743,1270,Male,Lawyer,2
339,1817,Female,Manager,1
7,1822,Female,Developer,1
545,1588,Female,Artist,2
77,1584,Male,Teacher,5
722,1275,Female,Artist,3
353,1536,Male,Teacher,4
460,1890,Female,Designer,1
216,1491,Male,Teacher,3
404,1191,Female,Scientist,2
690,1248,Male,Artist,3
762,1279,Male,Designer,2
7,1215,Male,Doctor,1
190,1542,Female,Artist,1
150,1631,Male,Doctor,5
464,1215,Female,Engineer,4
572,1261,Female,Designer,2
211,1792,Female,Scientist,2
803,1903,Male,Doctor,1
498,1265,Female,Engineer,3
272,1546,Female,Artist,4
207,1551,Female,Artist,2
690,1508,Male,Lawyer,3
523,1862,Male,Manager,4
874,1847,Male,Engineer,1
558,1047,Female,Manager,4
837,1904,Male,Scientist,5
436,1380,Female,Engineer,1
350,1049,Male,Lawyer,2
835,1352,Male,Lawyer,4
69,1063,Female,Artist,1
729,1714,Female,Manager,1
920,1144,Female,Doctor,3
792,1066,Male,Doctor,4
49,1458,Female,Scientist,5
734,1733,Female,Manager,1
402,1805,Female,Developer,3
768,1118,Male,Teacher,4
198,1004,Female,Manager,2
665,1581,Male,Designer,4
871,1692,Female,Scientist,5
933,1808,Male,Designer,3
494,1439,Male,Artist,2
755,1527,Female,Developer,1
29,1267,Male,Scientist,3
680,1359,Female,Designer,4
469,1799,Female,Artist,1
738,1754,Male,Lawyer,3
614,1256,Female,Designer,3
206,1610,Female,Manager,1
284,1689,Female,Engineer,2
788,1152,Female,Manager,2
596,1267,Female,Artist,3
73,1206,Male,Developer,1
240,1689,Female,Teacher,2
286,1359,Male,Engineer,3
47,1181,Female,Scientist,1
987,1513,Male,Teacher,3
424,1553,Male,Designer,3
586,1822,Male,Teacher,1
615,1295,Male,Engineer,1
201,1996,Male,Manager,4
422,1462,Male,Teacher,1
260,1504,Female,Doctor,5
963,1977,Male,Teacher,2
58,1744,Female,Developer,5
507,1816,Male,Artist,2
785,1604,Female,Developer,1
751,1983,Male,Developer,3
762,1997,Female,Engineer,4
544,1307,Male,Engineer,2
248,1992,Female,Manager,4
613,1508,Male,Designer,4
607,1441,Male,Scientist,2
787,1214,Male,Designer,5
161,1704,Male,Designer,5
833,1352,Female,Doctor,5
247,1221,Male,Lawyer,1
114,1296,Male,Teacher,2
822,1996,Male,Scientist,5
673,1206,Male,Designer,5
824,1235,Female,Scientist,1
470,1518,Female,Scientist,2
973,1149,Female,Scientist,2
864,1039,Female,Artist,2
653,1276,Male,Designer,3
562,1018,Male,Scientist,1
58,1598,Female,Designer,5
78,1100,Male,Doctor,1
785,1251,Female,Scientist,2
963,1078,Male,Teacher,3
458,1450,Female,Doctor,4
936,1557,Male,Artist,1
152,1446,Female,Doctor,1
792,1009,Male,Scientist,4
572,1802,Male,Scientist,1
487,1763,Male,Manager,2
240,1091,Female,Scientist,2
509,1366,Female,Scientist,1
589,1535,Male,Doctor,3
756,1927,Female,Doctor,3
4,1511,Female,Doctor,5
849,1860,Female,Artist,5
70,1423,Male,Engineer,2
85,1393,Female,Artist,2
809,1584,Female,Engineer,1
939,1868,Male,Doctor,4
41,1650,Female,Doctor,4
377,1116,Female,Teacher,2
748,1264,Female,Artist,2
290,1020,Male,Lawyer,3
21,1222,Male,Developer,3
540,1361,Female,Developer,4
485,1045,Male,Designer,3
33,1467,Male,Teacher,2
684,1800,Female,Doctor,1
67,1151,Female,Lawyer,5
707,1272,Female,Lawyer,4
321,1584,Female,Developer,1
665,1166,Male,Manager,3
132,1181,Female,Doctor,1
344,1893,Male,Designer,3
576,1208,Female,Engineer,2
472,1712,Female,Developer,3
262,1020,Female,Designer,4
620,1006,Male,Teacher,5
781,1905,Male,Lawyer,4
418,1054,Male,Scientist,3
874,1996,Female,Lawyer,1
898,1826,Female,Doctor,5
274,1860,Female,Teacher,5
583,1194,Female,Designer,2
973,1751,Male,Scientist,4
744,1690,Male,Engineer,1
579,1610,Female,Lawyer,2
34,1482,Male,Designer,1
538,1083,Female,Manager,4
897,1012,Male,Designer,4
320,1932,Male,Teacher,4
796,1165,Male,Teacher,1
792,1871,Male,Engineer,5
301,1454,Female,Engineer,2
637,1092,Male,Designer,4
570,1859,Male,Developer,3
762,1100,Male,Lawyer,2
23,1967,Female,Developer,3
820,1168,Male,Teacher,3
133,1558,Male,Manager,1
600,1385,Male,Engineer,2
960,1126,Female,Manager,3
333,1396,Male,Scientist,1
737,1148,Male,Manager,4
433,1429,Male,Artist,5
807,1306,Female,Lawyer,2
122,1415,Female,Artist,1
740,1105,Male,Lawyer,4
395,1377,Male,Artist,2
551,1931,Female,Designer,1
175,1212,Female,Doctor,1
591,1807,Female,Developer,5
359,1945,Male,Designer,3
224,1165,Female,Artist,2
638,1986,Male,Lawyer,4
9,1689,Male,Designer,3
701,1532,Male,Scientist,3
775,1456,Male,Doctor,4
473,1412,Female,Lawyer,2
283,1414,Male,Manager,3
366,1315,Female,Manager,4
62,1330,Female,Lawyer,1
599,1036,Male,Developer,5
7,1211,Female,Artist,2
921,1066,Male,Doctor,4
258,1540,Female,Teacher,4
519,1697,Male,Scientist,3
611,1156,Male,Engineer,2
338,1419,Male,Engineer,4
103,1073,Female,Doctor,3
776,1267,Male,Artist,4
114,1107,Female,Teacher,5
549,1397,Male,Lawyer,5
113,1368,Male,Scientist,2
516,1687,Female,Engineer,3
728,1673,Female,Scientist,2
48,1997,Female,Engineer,3
464,1826,Female,Lawyer,3
405,1965,Female,Doctor,2
477,1406,Female,Engineer,4
226,1952,Female,Doctor,2
988,1733,Male,Artist,3
553,1273,Male,Manager,3
6,1364,Female,Designer,4
286,1168,Female,Manager,2
928,1323,Female,Doctor,2
830,1039,Male,Teacher,2
376,1868,Female,Engineer,2
432,1840,Female,Lawyer,2
770,1476,Female,Developer,2
446,1781,Female,Engineer,2
475,1981,Male,Developer,3
238,1029,Female,Manager,2
594,1430,Male,Artist,1
685,1469,Male,Doctor,3
810,1178,Male,Scientist,1
844,1068,Female,Teacher,4
637,1850,Female,Engineer,5
452,1017,Female,Doctor,3
615,1877,Male,Designer,4
243,1114,Female,Lawyer,4
489,1127,Female,Scientist,4
322,1646,Female,Scientist,5
390,1705,Male,Manager,3
556,1598,Male,Designer,1
344,1550,Male,Scientist,4
675,1773,Male,Lawyer,1
962,1654,Female,Designer,5
210,1838,Female,Teacher,5
330,1883,Female,Manager,4
889,1913,Female,Teacher,2
125,1783,Female,Teacher,2
448,1035,Male,Manager,2
666,1780,Female,Manager,4
858,1469,Male,Engineer,4
544,1367,Female,Artist,2
507,1967,Male,Designer,2
227,1418,Female,Engineer,4
13,1674,Male,Doctor,5
990,1569,Female,Manager,4
246,1355,Female,Artist,1
882,1054,Female,Teacher,4
597,1531,Female,Artist,1
464,1386,Female,Artist,3
924,1825,Male,Lawyer,2
616,1863,Male,Manager,5
549,1968,Male,Lawyer,3
770,1560,Female,Lawyer,2
292,1021,Female,Scientist,1
539,1663,Female,Manager,1
588,1068,Female,Scientist,2
24,1439,Female,Artist,1
979,1142,Male,Designer,3
97,1916,Female,Engineer,4
481,1379,Female,Engineer,4
324,1560,Male,Manager,2
211,1355,Female,Teacher,1
887,1829,Female,Scientist,4
818,1250,Female,Developer,5
586,1112,Male,Doctor,4
623,1886,Female,Designer,3
197,1512,Male,Teacher,5
416,1794,Male,Engineer,3
316,1523,Female,Developer,1
288,1786,Female,Doctor,3
406,1758,Female,Manager,3
705,1748,Female,Scientist,2
875,1134,Male,Teacher,1
849,1932,Male,Designer,2
774,1867,Male,Doctor,1
959,1589,Male,Artist,5
162,1069,Female,Artist,1
572,1993,Female,Scientist,4
65,1168,Male,Lawyer,4
910,1931,Female,Engineer,4
359,1999,Male,Lawyer,3
710,1691,Male,Manager,5
841,1377,Male,Developer,2
561,1568,Male,Lawyer,1
632,1581,Male,Engineer,5
629,1606,Female,Manager,5
487,1283,Female,Manager,1
286,1527,Female,Lawyer,4
910,1442,Female,Engineer,5
548,1596,Male,Developer,1
378,1219,Male,Doctor,3
805,1648,Female,Teacher,1
877,1898,Male,Lawyer,1
252,1011,Male,Engineer,4
448,1576,Male,Engineer,5
273,1516,Female,Designer,5
318,1229,Female,Developer,2
424,1749,Male,Teacher,2
744,1984,Female,Doctor,4
836,1102,Male,Artist,4
280,1566,Female,Manager,2
154,1530,Male,Doctor,5
237,1464,Female,Artist,4
485,1380,Male,Scientist,5
41,1523,Female,Developer,1
708,1186,Female,Teacher,2
636,1655,Female,Developer,3
819,1871,Female,Manager,5
677,1647,Male,Designer,4
895,1437,Male,Designer,5
819,1263,Male,Designer,5
275,1873,Male,Scientist,3
959,1368,Male,Developer,1
339,1133,Male,Engineer,1
2,1362,Male,Engineer,2
720,1406,Female,Scientist,1
75,1516,Female,Designer,3
522,1639,Male,Manager,4
800,1289,Female,Scientist,4
625,1190,Male,Engineer,3
234,1371,Male,Engineer,3
756,1567,Female,Engineer,1
41,1404,Female,Engineer,2
727,1981,Female,Doctor,1
177,1518,Female,Engineer,3
159,1415,Female,Teacher,3
859,1655,Female,Teacher,5
564,1170,Female,Designer,1
403,1356,Female,Engineer,3
892,1036,Female,Lawyer,4
43,1664,Female,Developer,5
857,1366,Female,Engineer,1
691,1152,Male,Engineer,3
208,1955,Female,Manager,5
677,1974,Male,Scientist,5
807,1491,Female,Lawyer,2
933,1490,Male,Developer,4
841,1480,Female,Teacher,3
365,1585,Female,Designer,2
332,1196,Female,Manager,4
552,1649,Female,Teacher,5
309,1368,Female,Lawyer,3
118,1038,Male,Engineer,2
95,1785,Male,Engineer,5
189,1042,Male,Scientist,4
1000,1827,Female,Engineer,2
247,1931,Female,Scientist,5
359,1773,Male,Scientist,5
802,1597,Male,Designer,4
559,1052,Male,Designer,4
854,1397,Male,Lawyer,2
143,1423,Female,Teacher,5
339,1358,Female,Scientist,2
106,1018,Male,Doctor,3
641,1165,Male,Scientist,4
885,1760,Male,Developer,1
858,1446,Male,Manager,1
454,1744,Male,Doctor,3
349,1547,Male,Lawyer,4
375,1559,Male,Lawyer,4
848,1898,Male,Lawyer,2
969,1967,Male,Designer,4
7,1246,Male,Doctor,3
460,1110,Female,Designer,4
37,1987,Male,Scientist,4
621,1761,Male,Lawyer,4
899,1266,Male,Teacher,2
655,1519,Female,Developer,5
758,1261,Male,Scientist,5
180,1252,Male,Doctor,4
963,1137,Male,Lawyer,4
763,1663,Female,Lawyer,2
878,1237,Male,Lawyer,4
467,1700,Female,Doctor,5
761,1155,Male,Teacher,3
449,1835,Female,Engineer,1
349,1888,Female,Scientist,1
772,1803,Male,Engineer,5
338,1818,Male,Developer,4
298,1431,Female,Scientist,1
511,1483,Female,Doctor,5
640,1306,Male,Artist,1
738,1346,Female,Engineer,5
381,1695,Male,Engineer,1
814,1635,Male,Designer,4
268,1711,Male,Lawyer,4
214,1328,Male,Engineer,1
906,1482,Male,Developer,2
853,1799,Male,Teacher,2
599,1290,Female,Engineer,4
266,1576,Female,Engineer,1
874,1778,Male,Engineer,5
493,1812,Male,Artist,2
548,1688,Female,Teacher,3
153,1744,Female,Manager,5
429,1891,Male,Lawyer,5
996,1068,Female,Teacher,1
365,1202,Male,Artist,3
564,1705,Male,Designer,3
851,1822,Male,Scientist,4
691,1446,Male,Designer,5
738,1680,Female,Engineer,2
56,1017,Male,Lawyer,4
653,1609,Female,Artist,5
744,1582,Female,Developer,3
44,1791,Male,Doctor,2
653,1882,Male,Doctor,5
444,1066,Female,Lawyer,1
137,1842,Female,Doctor,1
12,1730,Male,Artist,4
932,1848,Female,Artist,5
898,1420,Male,Manager,1
533,1335,Male,Developer,4
132,1064,Female,Teacher,3
444,1024,Female,Teacher,1
312,1401,Male,Engineer,4
556,1292,Female,Scientist,3
192,1630,Female,Lawyer,1
273,1266,Female,Designer,5
914,1686,Female,Manager,2
626,1408,Male,Designer,2
881,1651,Female,Teacher,4
818,1608,Male,Artist,5
739,1843,Female,Doctor,1
443,1322,Male,Manager,3
806,1571,Female,Teacher,4
656,1110,Female,Designer,1
659,1829,Female,Doctor,5
784,1744,Male,Designer,5
475,1181,Male,Scientist,1
8,1626,Female,Developer,5
836,1117,Male,Doctor,5
251,1787,Male,Developer,2
813,1309,Male,Teacher,5
811,1583,Male,Designer,3
1000,1657,Female,Teacher,1
62,1042,Male,Artist,4
567,1022,Male,Teacher,3
657,1080,Male,Artist,1
103,1746,Male,Teacher,3
687,1130,Female,Doctor,3
389,1214,Female,Doctor,5
125,1112,Female,Designer,5
53,1167,Male,Designer,4
874,1075,Female,Designer,1
914,1476,Female,Scientist,5
462,1646,Male,Engineer,5
60,1943,Male,Engineer,1
624,1042,Male,Doctor,5
46,1776,Female,Artist,3
364,1814,Male,Manager,3
246,1457,Male,Developer,5
450,1145,Female,Developer,1
957,1653,Male,Doctor,5
32,1974,Male,Teacher,3
431,1376,Female,Artist,4
700,1626,Female,Artist,3
548,1939,Male,Doctor,5
523,1061,Female,Doctor,1
259,1750,Male,Lawyer,2
733,1814,Female,Artist,2
523,1615,Male,Lawyer,4
65,1681,Female,Doctor,5
74,1631,Male,Lawyer,4
379,1313,Female,Artist,3
936,1322,Male,Doctor,1
123,1831,Male,Lawyer,4
875,1391,Female,Developer,1
978,1117,Female,Lawyer,1
668,1887,Male,Doctor,5
711,1790,Male,Designer,3
637,1077,Female,Engineer,5
482,1125,Female,Teacher,2
937,1230,Female,Designer,2
439,1396,Male,Engineer,2
495,1618,Male,Teacher,2
343,1760,Male,Teacher,2
557,1635,Male,Teacher,5
728,1748,Male,Scientist,1
441,1244,Female,Engineer,4
473,1538,Female,Engineer,2
717,1001,Female,Lawyer,2
990,1641,Male,Manager,3
347,1613,Male,Doctor,1
656,1436,Female,Engineer,2
408,1389,Female,Doctor,3
286,1513,Male,Engineer,2
616,1705,Female,Artist,3
220,1835,Male,Artist,2
650,1814,Female,Scientist,3
85,1027,Female,Lawyer,5
278,1385,Male,Engineer,3
582,1256,Male,Artist,2
533,1171,Male,Scientist,5
759,1235,Male,Scientist,3
145,1809,Male,Developer,1
110,1642,Male,Engineer,1
85,1656,Male,Designer,4
949,1513,Female,Engineer,2
890,1324,Female,Lawyer,4
75,1341,Female,Designer,1
533,1718,Male,Manager,5
930,1213,Male,Lawyer,5
539,1113,Female,Teacher,1
519,1383,Male,Manager,2
28,1709,Male,Scientist,5
629,1953,Male,Engineer,1
386,1298,Male,Engineer,2
809,1721,Male,Teacher,3
879,1738,Male,Engineer,5
889,1857,Female,Designer,4
916,1079,Female,Teacher,1
630,1367,Female,Developer,2
171,1596,Female,Engineer,4
163,1366,Male,Lawyer,3
569,1274,Female,Developer,5
317,1040,Male,Scientist,5
5,1757,Male,Developer,5
520,1605,Male,Designer,1
187,1855,Male,Lawyer,3
297,1259,Female,Scientist,3
134,1393,Male,Engineer,2
519,1372,Male,Artist,2
311,1959,Male,Scientist,1
435,1183,Male,Developer,3
486,1388,Female,Artist,3
396,1318,Male,Lawyer,3
943,1400,Female,Developer,1
768,1790,Male,Manager,1
123,1684,Male,Developer,3
633,1930,Female,Manager,1
512,1647,Female,Engineer,3
206,1283,Female,Scientist,1
76,1572,Female,Engineer,2
802,1818,Male,Artist,3
22,1574,Female,Lawyer,1
47,1055,Male,Teacher,3
536,1204,Male,Designer,4
211,1884,Female,Artist,3
433,1880,Female,Designer,2
764,1062,Male,Doctor,5
83,1778,Male,Lawyer,4
228,1240,Female,Teacher,1
391,1773,Female,Scientist,5
369,1617,Female,Lawyer,5
79,1508,Female,Scientist,5
968,1571,Female,Engineer,4
73,1995,Female,Scientist,1
112,1677,Male,Manager,3
835,1928,Female,Manager,1
303,1797,Male,Designer,5
893,1614,Female,Lawyer,4
972,1360,Female,Developer,3
970,1359,Male,Developer,3
409,1927,Male,Doctor,2
506,1977,Male,Teacher,3
475,1434,Female,Scientist,3
762,1407,Female,Designer,1
708,1665,Male,Scientist,4
584,1552,Female,Developer,2
281,1810,Male,Manager,5
364,1547,Female,Engineer,2
154,1117,Male,Manager,4
832,1283,Female,Lawyer,4
654,1760,Male,Artist,3
20,1815,Male,Designer,3
475,1081,Female,Scientist,4
190,1352,Male,Manager,3
690,1991,Male,Designer,3
615,1763,Male,Manager,1
836,1032,Female,Scientist,3
75,1915,Female,Designer,1
814,1418,Female,Teacher,5
852,1749,Male,Scientist,2
862,1602,Male,Developer,3
585,1322,Female,Scientist,5
309,1121,Female,Manager,4
739,1929,Female,Manager,4
217,1029,Male,Teacher,2
741,1035,Female,Lawyer,1
990,1356,Male,Manager,2
639,1819,Male,Artist,1
632,1033,Male,Doctor,3
25,1294,Female,Teacher,1
147,1645,Female,Doctor,3
984,1457,Male,Lawyer,2
646,1180,Male,Lawyer,1
678,1467,Male,Doctor,2
922,1938,Male,Developer,4
853,1525,Male,Doctor,4
176,1189,Male,Lawyer,3
586,1775,Female,Manager,4
729,1473,Female,Engineer,5
201,1383,Female,Designer,4
196,1802,Male,Designer,5
848,1917,Male,Lawyer,4
155,1533,Female,Developer,5
633,1111,Female,Designer,1
934,1016,Female,Lawyer,1
488,1257,Female,Designer,3
787,1947,Male,Artist,4
356,1017,Female,Doctor,4
554,1005,Female,Lawyer,5
422,1386,Male,Doctor,1
21,1355,Female,Lawyer,3
471,1874,Female,Doctor,3
976,1244,Male,Developer,5
823,1623,Female,Doctor,4
130,1773,Male,Engineer,5
817,1082,Female,Developer,1
33,1615,Female,Developer,1
268,1403,Female,Engineer,1
682,1969,Male,Artist,1
925,1151,Female,Engineer,1
136,1842,Female,Developer,2
997,1384,Male,Engineer,4
704,1583,Male,Developer,4
932,1069,Female,Manager,3
718,1367,Male,Designer,5
127,1036,Male,Developer,2
300,1340,Male,Doctor,4
385,1126,Male,Developer,3
157,1283,Female,Lawyer,3
549,1308,Male,Teacher,2
112,1210,Male,Lawyer,2
197,1107,Male,Scientist,5
607,1093,Male,Teacher,4
129,1234,Female,Doctor,5
476,1394,Male,Manager,2
30,1756,Male,Lawyer,3
844,1895,Female,Manager,2
800,1669,Male,Designer,1
564,1981,Female,Designer,1
115,1728,Female,Scientist,1
802,1975,Male,Lawyer,3
663,1118,Male,Scientist,3
602,1352,Female,Lawyer,5
809,1829,Female,Scientist,3
580,1328,Male,Designer,5
108,1184,Male,Lawyer,5
854,1977,Female,Developer,3
752,1224,Female,Lawyer,3
965,1711,Female,Developer,1
345,1552,Male,Manager,2
998,1652,Male,Engineer,5
817,1062,Male,Designer,2
582,1183,Male,Artist,1
584,1483,Male,Lawyer,3
543,1317,Female,Manager,4
682,1928,Female,Developer,5
445,1993,Male,Engineer,3
648,1479,Male,Doctor,5
603,1712,Male,Lawyer,5
360,1934,Male,Lawyer,1
648,1648,Female,Designer,2
43,1241,Female,Teacher,4
415,1832,Female,Developer,4
63,1774,Female,Manager,2
988,1076,Male,Designer,5
920,1546,Female,Artist,4
959,1513,Female,Doctor,3
958,1237,Male,Doctor,2
462,1061,Female,Manager,5
519,1769,Male,Lawyer,1
33,1004,Female,Teacher,5
777,1300,Male,Artist,4
141,1114,Male,Engineer,4
478,1550,Male,Lawyer,1
201,1209,Male,Teacher,2
90,1936,Female,Lawyer,2
471,1928,Female,Designer,4
70,1860,Male,Lawyer,2
41,1311,Male,Lawyer,4
580,1506,Female,Developer,3
302,1351,Female,Developer,1
466,1736,Female,Designer,5
29,1348,Female,Engineer,1
271,1981,Male,Developer,1
689,1480,Male,Designer,5
948,1211,Male,Manager,1
219,1936,Male,Artist,3
182,1847,Male,Doctor,4
951,1005,Female,Designer,5
86,1463,Female,Developer,4
559,1512,Female,Lawyer,1
584,1724,Female,Artist,4
726,1623,Female,Manager,1
24,1451,Male,Lawyer,2
323,1643,Male,Artist,3
138,1673,Female,Developer,2
373,1266,Male,Artist,4
530,1284,Male,Developer,4
299,1714,Female,Doctor,2
422,1870,Male,Doctor,1
940,1548,Male,Designer,4
407,1522,Male,Teacher,1
784,1618,Female,Artist,4
800,1824,Female,Artist,1
513,1627,Female,Designer,5
790,1740,Female,Scientist,2
152,1555,Male,Artist,5
679,1525,Male,Developer,2
391,1926,Male,Manager,5
812,1936,Male,Lawyer,3
38,1386,Male,Lawyer,5
752,1643,Female,Designer,1
734,1970,Male,Scientist,1
140,1817,Male,Lawyer,2
697,1940,Male,Scientist,3
774,1116,Female,Artist,4
390,1856,Female,Lawyer,5
487,1681,Male,Artist,1
891,1641,Male,Designer,5
687,1427,Female,Lawyer,1
227,1859,Male,Doctor,4
174,1258,Female,Artist,4
978,1100,Female,Doctor,1
406,1125,Male,Artist,1
423,1551,Male,Manager,3
580,1725,Female,Engineer,2
934,1260,Female,Lawyer,5
915,1683,Male,Developer,2
132,1327,Male,Lawyer,1
622,1840,Male,Designer,4
965,1785,Male,Scientist,1
48,1375,Male,Scientist,4
973,1361,Female,Engineer,5
841,1710,Female,Doctor,5
395,1336,Female,Doctor,3
231,1593,Male,Engineer,3
447,1475,Male,Lawyer,1
963,1785,Male,Teacher,5
731,1499,Male,Designer,3
185,1254,Female,Doctor,3
655,1627,Female,Developer,3
56,1461,Male,Engineer,2
721,1886,Female,Scientist,4
799,1957,Male,Doctor,4
581,1558,Male,Artist,3
661,1517,Female,Doctor,5
984,1977,Male,Lawyer,4
716,1011,Female,Doctor,4
131,1330,Female,Artist,1
565,1637,Female,Developer,4
425,1680,Male,Lawyer,5
150,1769,Male,Teacher,4
910,1418,Male,Manager,1
586,1501,Male,Artist,1
537,1731,Female,Artist,4
719,1373,Male,Teacher,5
21,1352,Male,Scientist,3
773,1406,Male,Developer,3
98,1319,Male,Manager,3
269,1922,Female,Artist,3
264,1954,Female,Engineer,2
779,1002,Female,Lawyer,4
685,1284,Female,Developer,4
470,1186,Male,Teacher,4
849,1141,Female,Engineer,1
381,1302,Female,Designer,4
121,1467,Male,Designer,5
860,1836,Female,Scientist,4
357,1199,Female,Developer,4
124,1811,Female,Doctor,3
753,1611,Male,Doctor,4
326,1449,Female,Lawyer,5
721,1371,Male,Designer,2
546,1215,Female,Doctor,4
185,1847,Male,Scientist,5
219,1962,Male,Developer,2
997,1481,Male,Engineer,1
91,1741,Male,Designer,5
784,1801,Male,Scientist,3
735,1971,Male,Manager,4
255,1255,Male,Designer,5
487,1746,Female,Doctor,1
596,1404,Male,Lawyer,4
79,1972,Female,Doctor,3
898,1328,Female,Developer,2
525,1095,Male,Scientist,3
256,1438,Male,Lawyer,4
508,1033,Female,Manager,3
973,1587,Male,Developer,5
316,1461,Male,Engineer,4
545,1767,Male,Scientist,3
683,1183,Male,Lawyer,4
329,1709,Female,Designer,3
562,1735,Male,Designer,1
386,1636,Female,Artist,3
296,1511,Male,Engineer,5
712,1243,Male,Scientist,1
44,1719,Female,Doctor,5
337,1931,Male,Scientist,1
841,1121,Female,Designer,3
16,1794,Female,Engineer,5
680,1689,Female,Lawyer,3
208,1281,Male,Manager,5
704,1562,Female,Teacher,1
934,1601,Female,Artist,4
311,1475,Female,Engineer,4
590,1946,Male,Manager,4
548,1398,Female,Scientist,4
762,1032,Female,Engineer,4
984,1268,Male,Designer,2
616,1123,Male,Scientist,3
439,1098,Female,Designer,1
745,1947,Female,Teacher,2
997,1098,Male,Artist,3
553,1858,Male,Developer,3
913,1600,Male,Manager,3
812,1021,Female,Engineer,5
765,1013,Female,Doctor,3
48,1939,Male,Manager,5
394,1589,Male,Teacher,1
18,1604,Female,Lawyer,2
419,1067,Male,Doctor,3
13,1841,Female,Scientist,3
893,1325,Female,Doctor,4
603,1140,Male,Doctor,1
455,1876,Male,Lawyer,1
238,1445,Female,Engineer,5
631,1826,Male,Teacher,1
907,1966,Female,Manager,3
297,1257,Male,Lawyer,4
46,1266,Male,Manager,3
14,1312,Female,Lawyer,1
573,1842,Male,Artist,5
958,1925,Male,Lawyer,1
27,1812,Male,Artist,2
518,1848,Male,Manager,5
881,1429,Male,Artist,2
266,1809,Female,Developer,3
466,1022,Male,Artist,5
128,1915,Female,Artist,4
806,1149,Female,Designer,1
349,1590,Male,Scientist,4
114,1885,Female,Artist,1
207,1588,Female,Engineer,4
383,1463,Female,Doctor,5
992,1557,Male,Designer,4
273,1694,Female,Teacher,3
559,1811,Male,Designer,5
